suite,benchmark,params,metric,unit,forks,available_repetitions,mean,median,stdev,min,max
configuration,io.github.aalsanie.boundedorigin.cli.ConfigurationBenchmark.boundedYamlLoadAndDecode,"{""routeCount"": ""1""}",average_time,us/op,10,10,58.756617934691874,58.740241423933,0.685162715691723,57.86020964858824,59.883465226279675
configuration,io.github.aalsanie.boundedorigin.cli.ConfigurationBenchmark.boundedYamlLoadAndDecode,"{""routeCount"": ""1""}",allocation,B/op,10,10,126917.95725044317,126632.35773092619,859.3044473348531,126584.36506487649,129360.3576341795
configuration,io.github.aalsanie.boundedorigin.cli.ConfigurationBenchmark.boundedYamlLoadAndDecode,"{""routeCount"": ""16""}",average_time,us/op,10,10,534.151297343897,535.4921184000768,16.63162244333483,510.9109106216258,553.857164853538
configuration,io.github.aalsanie.boundedorigin.cli.ConfigurationBenchmark.boundedYamlLoadAndDecode,"{""routeCount"": ""16""}",allocation,B/op,10,10,1051909.9520368082,1051774.8029448052,443.4373235472044,1051747.3190611838,1053171.5359829548
configuration,io.github.aalsanie.boundedorigin.cli.ConfigurationBenchmark.boundedYamlLoadAndDecode,"{""routeCount"": ""128""}",average_time,us/op,10,10,3598.39854759536,3600.0944288547526,70.13825481670831,3463.743960756775,3685.3954913540233
configuration,io.github.aalsanie.boundedorigin.cli.ConfigurationBenchmark.boundedYamlLoadAndDecode,"{""routeCount"": ""128""}",allocation,B/op,10,10,7736710.662871705,7610240.737727911,221365.66496498018,7538051.942763959,8055876.2267636135
configuration,io.github.aalsanie.boundedorigin.cli.ConfigurationBenchmark.boundedYamlLoadAndDecode,"{""routeCount"": ""256""}",average_time,us/op,10,10,7695.53727195769,7680.250716994038,168.16914475412122,7460.5522607757475,7972.546291822677
configuration,io.github.aalsanie.boundedorigin.cli.ConfigurationBenchmark.boundedYamlLoadAndDecode,"{""routeCount"": ""256""}",allocation,B/op,10,10,15368407.248631785,15171102.410628363,466382.8589379147,14657167.46521515,16059224.737020371
configuration,io.github.aalsanie.boundedorigin.cli.ConfigurationBenchmark.completeLoadAndCompile,"{""routeCount"": ""1""}",average_time,us/op,10,10,76.92540627750996,75.70931213443268,3.8224312780413214,73.29080211369894,86.23134041816063
configuration,io.github.aalsanie.boundedorigin.cli.ConfigurationBenchmark.completeLoadAndCompile,"{""routeCount"": ""1""}",allocation,B/op,10,10,137993.0472511169,137730.9743200125,808.1689366269576,137628.08332376843,140274.2199063673
configuration,io.github.aalsanie.boundedorigin.cli.ConfigurationBenchmark.completeLoadAndCompile,"{""routeCount"": ""16""}",average_time,us/op,10,10,626.596642085525,627.8050295763103,33.262778790301475,578.2254032177516,687.1977827713193
configuration,io.github.aalsanie.boundedorigin.cli.ConfigurationBenchmark.completeLoadAndCompile,"{""routeCount"": ""16""}",allocation,B/op,10,10,1159029.9225178498,1158654.6285393888,853.3416767348382,1158585.3146210457,1161303.2944355835
configuration,io.github.aalsanie.boundedorigin.cli.ConfigurationBenchmark.completeLoadAndCompile,"{""routeCount"": ""128""}",average_time,us/op,10,10,4084.4848059307155,4088.906368536011,81.94299998605534,3917.1081052577456,4201.7801913053345
configuration,io.github.aalsanie.boundedorigin.cli.ConfigurationBenchmark.completeLoadAndCompile,"{""routeCount"": ""128""}",allocation,B/op,10,10,8526611.914051611,8437681.334181719,199201.42925167046,8397547.58880616,8981336.11492502
configuration,io.github.aalsanie.boundedorigin.cli.ConfigurationBenchmark.completeLoadAndCompile,"{""routeCount"": ""256""}",average_time,us/op,10,10,8791.820770643399,8757.123216249816,201.21729496407528,8551.54078008886,9230.804701054609
configuration,io.github.aalsanie.boundedorigin.cli.ConfigurationBenchmark.completeLoadAndCompile,"{""routeCount"": ""256""}",allocation,B/op,10,10,16990640.797415107,16820242.74231831,367133.3265171446,16787336.454500977,17708233.834224768
configuration,io.github.aalsanie.boundedorigin.cli.ConfigurationBenchmark.gatewayFieldValidation,"{""routeCount"": ""1""}",average_time,us/op,10,10,0.0794212569021239,0.07911449499343308,0.0022231544774309613,0.0766902445746306,0.08400820366364785
configuration,io.github.aalsanie.boundedorigin.cli.ConfigurationBenchmark.gatewayFieldValidation,"{""routeCount"": ""1""}",allocation,B/op,10,10,232.0004702424877,232.00046835384813,1.3279964652503743e-05,232.0004536950735,232.00049761630345
configuration,io.github.aalsanie.boundedorigin.cli.ConfigurationBenchmark.gatewayFieldValidation,"{""routeCount"": ""16""}",average_time,us/op,10,10,0.07957544468590365,0.0792602149318469,0.001467244313234879,0.07789743442380727,0.08238760260787353
configuration,io.github.aalsanie.boundedorigin.cli.ConfigurationBenchmark.gatewayFieldValidation,"{""routeCount"": ""16""}",allocation,B/op,10,10,232.00047089633927,232.0004692004064,8.587067824096316e-06,232.00046087254032,232.00048743041555
configuration,io.github.aalsanie.boundedorigin.cli.ConfigurationBenchmark.gatewayFieldValidation,"{""routeCount"": ""128""}",average_time,us/op,10,10,0.08483601148156161,0.08460874430052162,0.0021173210496737427,0.08222015625160739,0.08864905395301048
configuration,io.github.aalsanie.boundedorigin.cli.ConfigurationBenchmark.gatewayFieldValidation,"{""routeCount"": ""128""}",allocation,B/op,10,10,288.0005019964294,288.0005006238755,1.2435294529909573e-05,288.0004871795283,288.00052448599837
configuration,io.github.aalsanie.boundedorigin.cli.ConfigurationBenchmark.gatewayFieldValidation,"{""routeCount"": ""256""}",average_time,us/op,10,10,0.08597369963300915,0.08302098805796285,0.006745573546515108,0.08101798060432139,0.10093170824325617
configuration,io.github.aalsanie.boundedorigin.cli.ConfigurationBenchmark.gatewayFieldValidation,"{""routeCount"": ""256""}",allocation,B/op,10,10,307.20050868149417,288.00049117043915,40.477192777244824,288.00047929524555,384.0005970032619
configuration,io.github.aalsanie.boundedorigin.cli.ConfigurationBenchmark.policyCompilation,"{""routeCount"": ""1""}",average_time,us/op,10,10,1.6297919258789266,1.6283776077713557,0.03058030219766093,1.5811942822556955,1.6742498253259368
configuration,io.github.aalsanie.boundedorigin.cli.ConfigurationBenchmark.policyCompilation,"{""routeCount"": ""1""}",allocation,B/op,10,10,7084.809642324834,7080.00959608706,39.589103294074874,7024.009354577741,7152.009905417726
configuration,io.github.aalsanie.boundedorigin.cli.ConfigurationBenchmark.policyCompilation,"{""routeCount"": ""16""}",average_time,us/op,10,10,25.13125629985547,25.02007427472414,0.3812571073053273,24.699086917479438,25.834750158301297
configuration,io.github.aalsanie.boundedorigin.cli.ConfigurationBenchmark.policyCompilation,"{""routeCount"": ""16""}",allocation,B/op,10,10,103015.34867016843,102840.14786552812,421.0046402037395,102584.1466941685,103608.15041537497
configuration,io.github.aalsanie.boundedorigin.cli.ConfigurationBenchmark.policyCompilation,"{""routeCount"": ""128""}",average_time,us/op,10,10,204.6135216895209,205.75320864652528,5.126360734495286,193.6303706794735,210.32172220571564
configuration,io.github.aalsanie.boundedorigin.cli.ConfigurationBenchmark.policyCompilation,"{""routeCount"": ""128""}",allocation,B/op,10,10,821571.6104012113,819945.23255067,3940.1197268714504,816833.1455133329,828137.2430311645
configuration,io.github.aalsanie.boundedorigin.cli.ConfigurationBenchmark.policyCompilation,"{""routeCount"": ""256""}",average_time,us/op,10,10,417.5317197184485,416.15593998743,6.972054395686844,406.92819123576476,431.1692025648088
configuration,io.github.aalsanie.boundedorigin.cli.ConfigurationBenchmark.policyCompilation,"{""routeCount"": ""256""}",allocation,B/op,10,10,1645435.2695852665,1644806.4450405538,6550.409664621868,1640730.447185102,1663258.4617117755
configuration,io.github.aalsanie.boundedorigin.cli.ConfigurationBenchmark.routeTemplateCompilation,"{""routeCount"": ""1""}",average_time,us/op,10,10,0.37798747074949557,0.37736436478332624,0.008665605623401131,0.3648028584252846,0.39453651660741523
configuration,io.github.aalsanie.boundedorigin.cli.ConfigurationBenchmark.routeTemplateCompilation,"{""routeCount"": ""1""}",allocation,B/op,10,10,1562.4022362084183,1560.002232650569,7.589487981631894,1560.0021582294398,1584.0022976748007
configuration,io.github.aalsanie.boundedorigin.cli.ConfigurationBenchmark.routeTemplateCompilation,"{""routeCount"": ""16""}",average_time,us/op,10,10,5.93080232529711,5.9452593702284755,0.14212902099672975,5.710039484746445,6.11900994195995
configuration,io.github.aalsanie.boundedorigin.cli.ConfigurationBenchmark.routeTemplateCompilation,"{""routeCount"": ""16""}",allocation,B/op,10,10,22248.03508761795,22248.035547867512,202.3860830788005,22056.033779950158,22440.036200002312
configuration,io.github.aalsanie.boundedorigin.cli.ConfigurationBenchmark.routeTemplateCompilation,"{""routeCount"": ""128""}",average_time,us/op,10,10,49.295948991541344,48.956213708478,1.599711941556572,46.75010510586188,52.50914031367462
configuration,io.github.aalsanie.boundedorigin.cli.ConfigurationBenchmark.routeTemplateCompilation,"{""routeCount"": ""128""}",allocation,B/op,10,10,179336.2926616652,179336.29063732206,0.009498995777950102,179336.27756588222,179336.31173376736
configuration,io.github.aalsanie.boundedorigin.cli.ConfigurationBenchmark.routeTemplateCompilation,"{""routeCount"": ""256""}",average_time,us/op,10,10,97.46068563887721,98.04674048901987,1.3726100802439374,94.72877425690145,98.94510478446415
configuration,io.github.aalsanie.boundedorigin.cli.ConfigurationBenchmark.routeTemplateCompilation,"{""routeCount"": ""256""}",allocation,B/op,10,10,359320.576538992,359320.5799981565,0.0081159957442053,359320.5603611497,359320.58531714306
configuration,io.github.aalsanie.boundedorigin.cli.ConfigurationBenchmark.semanticValidationAndCompilation,"{""routeCount"": ""1""}",average_time,us/op,10,10,3.9783763599011657,3.9648627186872716,0.06447595686020664,3.888077857850148,4.130483658924863
configuration,io.github.aalsanie.boundedorigin.cli.ConfigurationBenchmark.semanticValidationAndCompilation,"{""routeCount"": ""1""}",allocation,B/op,10,10,11036.023535578399,11028.02353244776,26.733384999482766,11008.023001210364,11080.023673181682
configuration,io.github.aalsanie.boundedorigin.cli.ConfigurationBenchmark.semanticValidationAndCompilation,"{""routeCount"": ""16""}",average_time,us/op,10,10,28.006810616901703,28.039050818938506,0.5457785120124216,26.89359953270254,28.648107821344418
configuration,io.github.aalsanie.boundedorigin.cli.ConfigurationBenchmark.semanticValidationAndCompilation,"{""routeCount"": ""16""}",allocation,B/op,10,10,107200.16570874728,107144.16528282542,342.74909595015407,106760.15910229777,107912.16841342702
configuration,io.github.aalsanie.boundedorigin.cli.ConfigurationBenchmark.semanticValidationAndCompilation,"{""routeCount"": ""128""}",average_time,us/op,10,10,215.16397140575654,214.46710174981826,5.63935092772186,206.3772735161664,226.06827213598223
configuration,io.github.aalsanie.boundedorigin.cli.ConfigurationBenchmark.semanticValidationAndCompilation,"{""routeCount"": ""128""}",allocation,B/op,10,10,825852.4728362849,824017.2782790997,4421.652919123811,820905.244502262,833233.3372327859
configuration,io.github.aalsanie.boundedorigin.cli.ConfigurationBenchmark.semanticValidationAndCompilation,"{""routeCount"": ""256""}",average_time,us/op,10,10,440.1083443652997,440.77241790966127,12.51132191404254,415.6853104548255,457.43666630553815
configuration,io.github.aalsanie.boundedorigin.cli.ConfigurationBenchmark.semanticValidationAndCompilation,"{""routeCount"": ""256""}",allocation,B/op,10,10,1649097.85638494,1648900.018448328,2798.986019903047,1642764.523549,1652986.4615722576
routes,io.github.aalsanie.boundedorigin.cli.RouteEvaluationBenchmark.evaluate,"{""position"": ""FIRST"", ""routeCount"": ""16"", ""shape"": ""FIXED""}",average_time,us/op,10,10,4.3819032560525795,4.336703358419112,0.10915938773026847,4.260887999635388,4.560136912213702
routes,io.github.aalsanie.boundedorigin.cli.RouteEvaluationBenchmark.evaluate,"{""position"": ""FIRST"", ""routeCount"": ""16"", ""shape"": ""FIXED""}",allocation,B/op,10,10,13652.825551941956,13672.025288395165,60.715978983847045,13480.024846389726,13672.02659137879
routes,io.github.aalsanie.boundedorigin.cli.RouteEvaluationBenchmark.evaluate,"{""position"": ""FIRST"", ""routeCount"": ""16"", ""shape"": ""CAPTURE""}",average_time,us/op,10,10,4.998836016023933,4.952792067859464,0.17244307030987238,4.860530155977152,5.44554886174532
routes,io.github.aalsanie.boundedorigin.cli.RouteEvaluationBenchmark.evaluate,"{""position"": ""FIRST"", ""routeCount"": ""16"", ""shape"": ""CAPTURE""}",allocation,B/op,10,10,15969.629149736484,16008.028791721968,121.43158436161274,15624.028801929135,16008.03175446658
routes,io.github.aalsanie.boundedorigin.cli.RouteEvaluationBenchmark.evaluate,"{""position"": ""FIRST"", ""routeCount"": ""16"", ""shape"": ""CATCH_ALL""}",average_time,us/op,10,10,4.913000716545884,4.903347286604007,0.1063556401691822,4.685888646727235,5.096766151399989
routes,io.github.aalsanie.boundedorigin.cli.RouteEvaluationBenchmark.evaluate,"{""position"": ""FIRST"", ""routeCount"": ""16"", ""shape"": ""CATCH_ALL""}",allocation,B/op,10,10,15859.228649113096,15880.028486810585,60.83258479079573,15688.02894769958,15896.028303225907
routes,io.github.aalsanie.boundedorigin.cli.RouteEvaluationBenchmark.evaluate,"{""position"": ""FIRST"", ""routeCount"": ""128"", ""shape"": ""FIXED""}",average_time,us/op,10,10,13.814046288946507,13.959330192039033,0.34781133128974956,13.130832415300883,14.199694771074705
routes,io.github.aalsanie.boundedorigin.cli.RouteEvaluationBenchmark.evaluate,"{""position"": ""FIRST"", ""routeCount"": ""128"", ""shape"": ""FIXED""}",allocation,B/op,10,10,38662.480552990026,38648.08202668155,31.506135310924588,38632.08013008148,38712.08096743435
routes,io.github.aalsanie.boundedorigin.cli.RouteEvaluationBenchmark.evaluate,"{""position"": ""FIRST"", ""routeCount"": ""128"", ""shape"": ""CAPTURE""}",average_time,us/op,10,10,16.170092538704058,16.242101443519214,0.4040548862719814,15.625674046255302,16.73269748311801
routes,io.github.aalsanie.boundedorigin.cli.RouteEvaluationBenchmark.evaluate,"{""position"": ""FIRST"", ""routeCount"": ""128"", ""shape"": ""CAPTURE""}",allocation,B/op,10,10,47844.8942923541,47840.09324369741,20.377139880468384,47824.096464379545,47880.09298090262
routes,io.github.aalsanie.boundedorigin.cli.RouteEvaluationBenchmark.evaluate,"{""position"": ""FIRST"", ""routeCount"": ""128"", ""shape"": ""CATCH_ALL""}",average_time,us/op,10,10,16.538815949889717,16.316162858700274,0.41405838394045513,16.131600261942037,17.165562839867345
routes,io.github.aalsanie.boundedorigin.cli.RouteEvaluationBenchmark.evaluate,"{""position"": ""FIRST"", ""routeCount"": ""128"", ""shape"": ""CATCH_ALL""}",allocation,B/op,10,10,54350.496442807445,54368.09612063071,38.60809761803038,54296.0953249152,54408.094795627185
routes,io.github.aalsanie.boundedorigin.cli.RouteEvaluationBenchmark.evaluate,"{""position"": ""FIRST"", ""routeCount"": ""256"", ""shape"": ""FIXED""}",average_time,us/op,10,10,24.119408846994023,24.166567700183712,0.4427220185331857,23.206187843517068,24.732019092488446
routes,io.github.aalsanie.boundedorigin.cli.RouteEvaluationBenchmark.evaluate,"{""position"": ""FIRST"", ""routeCount"": ""256"", ""shape"": ""FIXED""}",allocation,B/op,10,10,67388.14064632243,67384.14099646691,13.727896655069946,67368.14046346919,67416.14137817534
routes,io.github.aalsanie.boundedorigin.cli.RouteEvaluationBenchmark.evaluate,"{""position"": ""FIRST"", ""routeCount"": ""256"", ""shape"": ""CAPTURE""}",average_time,us/op,10,10,31.65115189621869,29.540517329629825,6.696827902271377,27.870446475293498,50.54492256683626
routes,io.github.aalsanie.boundedorigin.cli.RouteEvaluationBenchmark.evaluate,"{""position"": ""FIRST"", ""routeCount"": ""256"", ""shape"": ""CAPTURE""}",allocation,B/op,10,10,84724.18454748472,84728.17225447937,22.389725581937686,84664.18142224479,84752.16964293302
routes,io.github.aalsanie.boundedorigin.cli.RouteEvaluationBenchmark.evaluate,"{""position"": ""FIRST"", ""routeCount"": ""256"", ""shape"": ""CATCH_ALL""}",average_time,us/op,10,10,31.946742748140853,31.69952750082425,1.4288122577224616,29.524185047333756,34.940968684119696
routes,io.github.aalsanie.boundedorigin.cli.RouteEvaluationBenchmark.evaluate,"{""position"": ""FIRST"", ""routeCount"": ""256"", ""shape"": ""CATCH_ALL""}",allocation,B/op,10,10,98421.78635589554,98416.19426647418,16.020218914248524,98408.17215768457,98448.185329589
routes,io.github.aalsanie.boundedorigin.cli.RouteEvaluationBenchmark.evaluate,"{""position"": ""MIDDLE"", ""routeCount"": ""16"", ""shape"": ""FIXED""}",average_time,us/op,10,10,4.343351842316272,4.317578055984037,0.08555516906781739,4.221313198662815,4.496198956576301
routes,io.github.aalsanie.boundedorigin.cli.RouteEvaluationBenchmark.evaluate,"{""position"": ""MIDDLE"", ""routeCount"": ""16"", ""shape"": ""FIXED""}",allocation,B/op,10,10,13671.225327237988,13672.025177069992,2.5299640644727606,13664.024923408657,13672.026218178175
routes,io.github.aalsanie.boundedorigin.cli.RouteEvaluationBenchmark.evaluate,"{""position"": ""MIDDLE"", ""routeCount"": ""16"", ""shape"": ""CAPTURE""}",average_time,us/op,10,10,4.9953180134901976,5.013891754534283,0.08264175560072716,4.850413367013789,5.08660142419835
routes,io.github.aalsanie.boundedorigin.cli.RouteEvaluationBenchmark.evaluate,"{""position"": ""MIDDLE"", ""routeCount"": ""16"", ""shape"": ""CAPTURE""}",allocation,B/op,10,10,15873.629128983326,16008.02874735714,182.14732343358273,15624.028758457105,16008.02966147374
routes,io.github.aalsanie.boundedorigin.cli.RouteEvaluationBenchmark.evaluate,"{""position"": ""MIDDLE"", ""routeCount"": ""16"", ""shape"": ""CATCH_ALL""}",average_time,us/op,10,10,4.9165651036668665,4.896563385807003,0.08653658670126112,4.803180440749618,5.057516171961048
routes,io.github.aalsanie.boundedorigin.cli.RouteEvaluationBenchmark.evaluate,"{""position"": ""MIDDLE"", ""routeCount"": ""16"", ""shape"": ""CATCH_ALL""}",allocation,B/op,10,10,15854.428669658402,15872.02875001743,59.005151247838555,15688.028441735727,15880.029255492445
routes,io.github.aalsanie.boundedorigin.cli.RouteEvaluationBenchmark.evaluate,"{""position"": ""MIDDLE"", ""routeCount"": ""128"", ""shape"": ""FIXED""}",average_time,us/op,10,10,14.384851909218225,14.176629256813158,1.0091039364861696,13.35618036771059,16.28154609184463
routes,io.github.aalsanie.boundedorigin.cli.RouteEvaluationBenchmark.evaluate,"{""position"": ""MIDDLE"", ""routeCount"": ""128"", ""shape"": ""FIXED""}",allocation,B/op,10,10,38715.283881249095,38728.08105203409,32.04629330323064,38656.079614772374,38752.08127895194
routes,io.github.aalsanie.boundedorigin.cli.RouteEvaluationBenchmark.evaluate,"{""position"": ""MIDDLE"", ""routeCount"": ""128"", ""shape"": ""CAPTURE""}",average_time,us/op,10,10,16.88647765506062,16.906919675167643,0.8287426300351219,15.839244127272284,18.015462648593257
routes,io.github.aalsanie.boundedorigin.cli.RouteEvaluationBenchmark.evaluate,"{""position"": ""MIDDLE"", ""routeCount"": ""128"", ""shape"": ""CAPTURE""}",allocation,B/op,10,10,47861.698468012044,47864.09586797298,17.301316262694733,47840.09245176703,47896.09236367387
routes,io.github.aalsanie.boundedorigin.cli.RouteEvaluationBenchmark.evaluate,"{""position"": ""MIDDLE"", ""routeCount"": ""128"", ""shape"": ""CATCH_ALL""}",average_time,us/op,10,10,17.156122125406323,17.108023122178988,0.32579074101302036,16.720194507004248,17.838287072533184
routes,io.github.aalsanie.boundedorigin.cli.RouteEvaluationBenchmark.evaluate,"{""position"": ""MIDDLE"", ""routeCount"": ""128"", ""shape"": ""CATCH_ALL""}",allocation,B/op,10,10,54369.70004113756,54384.099309360085,27.662173657262525,54304.09749882556,54384.10401879496
routes,io.github.aalsanie.boundedorigin.cli.RouteEvaluationBenchmark.evaluate,"{""position"": ""MIDDLE"", ""routeCount"": ""256"", ""shape"": ""FIXED""}",average_time,us/op,10,10,25.313103021095507,25.051787666532924,1.648204688180234,23.27427326775321,28.921654411105095
routes,io.github.aalsanie.boundedorigin.cli.RouteEvaluationBenchmark.evaluate,"{""position"": ""MIDDLE"", ""routeCount"": ""256"", ""shape"": ""FIXED""}",allocation,B/op,10,10,69462.54760586839,69456.14896936322,10.534431363150272,69456.13990764761,69480.16864859288
routes,io.github.aalsanie.boundedorigin.cli.RouteEvaluationBenchmark.evaluate,"{""position"": ""MIDDLE"", ""routeCount"": ""256"", ""shape"": ""CAPTURE""}",average_time,us/op,10,10,30.93113183698853,30.72305383693616,1.125898267534429,29.089115149057744,32.71125837825547
routes,io.github.aalsanie.boundedorigin.cli.RouteEvaluationBenchmark.evaluate,"{""position"": ""MIDDLE"", ""routeCount"": ""256"", ""shape"": ""CAPTURE""}",allocation,B/op,10,10,84732.98036313824,84728.18148644015,10.121037146502012,84728.16962336974,84752.18831282202
routes,io.github.aalsanie.boundedorigin.cli.RouteEvaluationBenchmark.evaluate,"{""position"": ""MIDDLE"", ""routeCount"": ""256"", ""shape"": ""CATCH_ALL""}",average_time,us/op,10,10,32.75629483582507,32.93288752044032,1.628539149261913,30.416799677560466,35.67241643383609
routes,io.github.aalsanie.boundedorigin.cli.RouteEvaluationBenchmark.evaluate,"{""position"": ""MIDDLE"", ""routeCount"": ""256"", ""shape"": ""CATCH_ALL""}",allocation,B/op,10,10,98424.19108081723,98416.203843324,11.312675594254005,98416.17736811307,98448.19360890565
routes,io.github.aalsanie.boundedorigin.cli.RouteEvaluationBenchmark.evaluate,"{""position"": ""LAST"", ""routeCount"": ""16"", ""shape"": ""FIXED""}",average_time,us/op,10,10,4.277600716645371,4.2657399066718025,0.08900270624692758,4.181254531214852,4.4721480814739785
routes,io.github.aalsanie.boundedorigin.cli.RouteEvaluationBenchmark.evaluate,"{""position"": ""LAST"", ""routeCount"": ""16"", ""shape"": ""FIXED""}",allocation,B/op,10,10,13651.224943895744,13696.024536187608,86.91841208577064,13472.026078452414,13696.025403654383
routes,io.github.aalsanie.boundedorigin.cli.RouteEvaluationBenchmark.evaluate,"{""position"": ""LAST"", ""routeCount"": ""16"", ""shape"": ""CAPTURE""}",average_time,us/op,10,10,4.958438926432799,4.958647209622894,0.21172541452737412,4.644567682084735,5.404610948308267
routes,io.github.aalsanie.boundedorigin.cli.RouteEvaluationBenchmark.evaluate,"{""position"": ""LAST"", ""routeCount"": ""16"", ""shape"": ""CAPTURE""}",allocation,B/op,10,10,16008.028914008695,16008.028915245104,0.001234196508808845,16008.02708401762,16008.031514489947
routes,io.github.aalsanie.boundedorigin.cli.RouteEvaluationBenchmark.evaluate,"{""position"": ""LAST"", ""routeCount"": ""16"", ""shape"": ""CATCH_ALL""}",average_time,us/op,10,10,4.894666638829226,4.854705785191214,0.12677498430560286,4.75438086071946,5.10603396025203
routes,io.github.aalsanie.boundedorigin.cli.RouteEvaluationBenchmark.evaluate,"{""position"": ""LAST"", ""routeCount"": ""16"", ""shape"": ""CATCH_ALL""}",allocation,B/op,10,10,15884.828542115978,15888.02830919848,6.746541960511158,15872.027724540601,15888.029773889615
routes,io.github.aalsanie.boundedorigin.cli.RouteEvaluationBenchmark.evaluate,"{""position"": ""LAST"", ""routeCount"": ""128"", ""shape"": ""FIXED""}",average_time,us/op,10,10,13.994151601951172,13.892209669532107,0.6009163372331643,13.0960990253853,15.163178831519765
routes,io.github.aalsanie.boundedorigin.cli.RouteEvaluationBenchmark.evaluate,"{""position"": ""LAST"", ""routeCount"": ""128"", ""shape"": ""FIXED""}",allocation,B/op,10,10,39736.08160344336,39744.078625806025,22.937379214623093,39696.08371893255,39760.084107968956
routes,io.github.aalsanie.boundedorigin.cli.RouteEvaluationBenchmark.evaluate,"{""position"": ""LAST"", ""routeCount"": ""128"", ""shape"": ""CAPTURE""}",average_time,us/op,10,10,16.334298165264396,16.227120057340066,0.6815152989289854,15.554499851957019,17.70657485917411
routes,io.github.aalsanie.boundedorigin.cli.RouteEvaluationBenchmark.evaluate,"{""position"": ""LAST"", ""routeCount"": ""128"", ""shape"": ""CAPTURE""}",allocation,B/op,10,10,47849.69524960188,47856.092593622954,33.26413582988582,47776.09070209509,47896.09116961828
routes,io.github.aalsanie.boundedorigin.cli.RouteEvaluationBenchmark.evaluate,"{""position"": ""LAST"", ""routeCount"": ""128"", ""shape"": ""CATCH_ALL""}",average_time,us/op,10,10,17.03825236183084,17.076581749992137,0.34060862894193217,16.356491206735306,17.49313414983018
routes,io.github.aalsanie.boundedorigin.cli.RouteEvaluationBenchmark.evaluate,"{""position"": ""LAST"", ""routeCount"": ""128"", ""shape"": ""CATCH_ALL""}",allocation,B/op,10,10,54347.29935415926,54352.09952294862,39.22786888013514,54304.09925870433,54384.10060635441
routes,io.github.aalsanie.boundedorigin.cli.RouteEvaluationBenchmark.evaluate,"{""position"": ""LAST"", ""routeCount"": ""256"", ""shape"": ""FIXED""}",average_time,us/op,10,10,24.34606909019217,24.23352321553231,0.7016953378876203,23.53377233964766,25.263800580206766
routes,io.github.aalsanie.boundedorigin.cli.RouteEvaluationBenchmark.evaluate,"{""position"": ""LAST"", ""routeCount"": ""256"", ""shape"": ""FIXED""}",allocation,B/op,10,10,69460.94196750213,69456.14559884554,10.117534306160943,69456.13723116524,69480.13909751462
routes,io.github.aalsanie.boundedorigin.cli.RouteEvaluationBenchmark.evaluate,"{""position"": ""LAST"", ""routeCount"": ""256"", ""shape"": ""CAPTURE""}",average_time,us/op,10,10,29.740890789024622,29.330274223733912,1.2811314157588656,28.812617109737555,33.16982924891804
routes,io.github.aalsanie.boundedorigin.cli.RouteEvaluationBenchmark.evaluate,"{""position"": ""LAST"", ""routeCount"": ""256"", ""shape"": ""CAPTURE""}",allocation,B/op,10,10,84736.97342126507,84728.17346411844,14.823288031319086,84728.16801427289,84768.17589755413
routes,io.github.aalsanie.boundedorigin.cli.RouteEvaluationBenchmark.evaluate,"{""position"": ""LAST"", ""routeCount"": ""256"", ""shape"": ""CATCH_ALL""}",average_time,us/op,10,10,31.04298199560024,30.893098986579055,1.0990952033607146,29.549979472754433,32.54734185400797
routes,io.github.aalsanie.boundedorigin.cli.RouteEvaluationBenchmark.evaluate,"{""position"": ""LAST"", ""routeCount"": ""256"", ""shape"": ""CATCH_ALL""}",allocation,B/op,10,10,98419.38101667637,98416.18083767717,10.118770434684723,98416.17231114279,98448.17953646278
routes,io.github.aalsanie.boundedorigin.cli.RouteEvaluationBenchmark.evaluate,"{""position"": ""MISS"", ""routeCount"": ""16"", ""shape"": ""FIXED""}",average_time,us/op,10,10,1.3605779294896603,1.347429093028207,0.04167541642453017,1.3302309586110572,1.4716607898774405
routes,io.github.aalsanie.boundedorigin.cli.RouteEvaluationBenchmark.evaluate,"{""position"": ""MISS"", ""routeCount"": ""16"", ""shape"": ""FIXED""}",allocation,B/op,10,10,3792.0079339131134,3792.0078572279563,0.0002430167164196942,3792.0077570161443,3792.0085816559445
routes,io.github.aalsanie.boundedorigin.cli.RouteEvaluationBenchmark.evaluate,"{""position"": ""MISS"", ""routeCount"": ""16"", ""shape"": ""CAPTURE""}",average_time,us/op,10,10,1.6569679806684743,1.6366743551433434,0.07672870036236283,1.5675643119693574,1.7884583637892923
routes,io.github.aalsanie.boundedorigin.cli.RouteEvaluationBenchmark.evaluate,"{""position"": ""MISS"", ""routeCount"": ""16"", ""shape"": ""CAPTURE""}",allocation,B/op,10,10,4816.009662303084,4816.009543919669,0.0004474102191811362,4816.009140993553,4816.010428983377
routes,io.github.aalsanie.boundedorigin.cli.RouteEvaluationBenchmark.evaluate,"{""position"": ""MISS"", ""routeCount"": ""16"", ""shape"": ""CATCH_ALL""}",average_time,us/op,10,10,1.8160802392875102,1.7904113358758431,0.06206305077052734,1.7518219402113164,1.9393583427051095
routes,io.github.aalsanie.boundedorigin.cli.RouteEvaluationBenchmark.evaluate,"{""position"": ""MISS"", ""routeCount"": ""16"", ""shape"": ""CATCH_ALL""}",allocation,B/op,10,10,5712.010590192544,5712.010440511836,0.00036189896443999324,5712.010215545839,5712.0113090931045
routes,io.github.aalsanie.boundedorigin.cli.RouteEvaluationBenchmark.evaluate,"{""position"": ""MISS"", ""routeCount"": ""128"", ""shape"": ""FIXED""}",average_time,us/op,10,10,10.521184197988491,10.509864681150994,0.29000049634019376,9.934727314748415,10.914303631524977
routes,io.github.aalsanie.boundedorigin.cli.RouteEvaluationBenchmark.evaluate,"{""position"": ""MISS"", ""routeCount"": ""128"", ""shape"": ""FIXED""}",allocation,B/op,10,10,29908.861352088916,29904.061721860417,15.178707583977937,29904.057932529737,29952.06071093837
routes,io.github.aalsanie.boundedorigin.cli.RouteEvaluationBenchmark.evaluate,"{""position"": ""MISS"", ""routeCount"": ""128"", ""shape"": ""CAPTURE""}",average_time,us/op,10,10,12.7896766529531,12.609833957927755,0.7594807005281995,11.845473900043919,14.118770831930098
routes,io.github.aalsanie.boundedorigin.cli.RouteEvaluationBenchmark.evaluate,"{""position"": ""MISS"", ""routeCount"": ""128"", ""shape"": ""CAPTURE""}",allocation,B/op,10,10,37086.47457870164,37072.07683764385,23.186849731268392,37072.06907340643,37120.079661640724
routes,io.github.aalsanie.boundedorigin.cli.RouteEvaluationBenchmark.evaluate,"{""position"": ""MISS"", ""routeCount"": ""128"", ""shape"": ""CATCH_ALL""}",average_time,us/op,10,10,14.591258648138986,14.529746870272252,0.5862581316126906,13.599232581025715,15.605545650654484
routes,io.github.aalsanie.boundedorigin.cli.RouteEvaluationBenchmark.evaluate,"{""position"": ""MISS"", ""routeCount"": ""128"", ""shape"": ""CATCH_ALL""}",allocation,B/op,10,10,44268.8850837018,44288.080469329,24.786013548655017,44240.083054034,44288.090995390376
routes,io.github.aalsanie.boundedorigin.cli.RouteEvaluationBenchmark.evaluate,"{""position"": ""MISS"", ""routeCount"": ""256"", ""shape"": ""FIXED""}",average_time,us/op,10,10,21.898951949655856,21.39086640392292,1.100297614486338,20.75965218168221,24.350733514373577
routes,io.github.aalsanie.boundedorigin.cli.RouteEvaluationBenchmark.evaluate,"{""position"": ""MISS"", ""routeCount"": ""256"", ""shape"": ""FIXED""}",allocation,B/op,10,10,59648.127696627045,59648.124735023055,0.006413499453226505,59648.12105423574,59648.141984861126
routes,io.github.aalsanie.boundedorigin.cli.RouteEvaluationBenchmark.evaluate,"{""position"": ""MISS"", ""routeCount"": ""256"", ""shape"": ""CAPTURE""}",average_time,us/op,10,10,25.49849770101443,25.483728583817616,0.678330152013861,24.664284405059817,27.07080863831314
routes,io.github.aalsanie.boundedorigin.cli.RouteEvaluationBenchmark.evaluate,"{""position"": ""MISS"", ""routeCount"": ""256"", ""shape"": ""CAPTURE""}",allocation,B/op,10,10,73984.14868651183,73984.14860038455,0.003955136886552206,73984.14382306457,73984.15785456308
routes,io.github.aalsanie.boundedorigin.cli.RouteEvaluationBenchmark.evaluate,"{""position"": ""MISS"", ""routeCount"": ""256"", ""shape"": ""CATCH_ALL""}",average_time,us/op,10,10,29.067466127138527,28.820299516097137,1.4388542402716316,27.172391445907767,31.288615508599126
routes,io.github.aalsanie.boundedorigin.cli.RouteEvaluationBenchmark.evaluate,"{""position"": ""MISS"", ""routeCount"": ""256"", ""shape"": ""CATCH_ALL""}",allocation,B/op,10,10,88315.3694989108,88320.16786255821,15.180240961808156,88272.16578216558,88320.18244852671
overlap,io.github.aalsanie.boundedorigin.cli.OverlapEvaluationBenchmark.evaluateOverlappingPrecedence,"{""routeCount"": ""16""}",average_time,us/op,10,10,4.871077047809148,4.839719891669571,0.11350239588646632,4.751938465697749,5.10093670464044
overlap,io.github.aalsanie.boundedorigin.cli.OverlapEvaluationBenchmark.evaluateOverlappingPrecedence,"{""routeCount"": ""16""}",allocation,B/op,10,10,16008.028404943874,16104.028060999983,202.38590812092716,15720.027709978514,16200.0297452933
overlap,io.github.aalsanie.boundedorigin.cli.OverlapEvaluationBenchmark.evaluateOverlappingPrecedence,"{""routeCount"": ""128""}",average_time,us/op,10,10,16.42565581953016,16.5573066176842,0.47639512309747345,15.491198259844849,16.995983698000416
overlap,io.github.aalsanie.boundedorigin.cli.OverlapEvaluationBenchmark.evaluateOverlappingPrecedence,"{""routeCount"": ""128""}",allocation,B/op,10,10,47923.295782720044,47932.091872929355,32.70208616532536,47880.09805913942,47960.09843266391
overlap,io.github.aalsanie.boundedorigin.cli.OverlapEvaluationBenchmark.evaluateOverlappingPrecedence,"{""routeCount"": ""256""}",average_time,us/op,10,10,29.087158090337034,28.661866796499382,1.5787413621829436,27.623965911381053,32.3844321967942
overlap,io.github.aalsanie.boundedorigin.cli.OverlapEvaluationBenchmark.evaluateOverlappingPrecedence,"{""routeCount"": ""256""}",allocation,B/op,10,10,84884.96961378351,84888.16535274092,12.617254573211172,84864.16108873294,84904.16860162313
keys,io.github.aalsanie.boundedorigin.cli.SemanticKeyBenchmark.canonicalizeProjectedOperation,"{""ordered"": ""false"", ""queryCase"": ""SELECTED"", ""queryDimensions"": ""1""}",average_time,us/op,10,10,1.4676553324106696,1.4643052020375946,0.028758780931719005,1.4256852009824539,1.5203918272693175
keys,io.github.aalsanie.boundedorigin.cli.SemanticKeyBenchmark.canonicalizeProjectedOperation,"{""ordered"": ""false"", ""queryCase"": ""SELECTED"", ""queryDimensions"": ""1""}",allocation,B/op,10,10,5514.408558386779,5512.008538861801,7.589502389831811,5512.008313706612,5536.008660854995
keys,io.github.aalsanie.boundedorigin.cli.SemanticKeyBenchmark.canonicalizeProjectedOperation,"{""ordered"": ""false"", ""queryCase"": ""SELECTED"", ""queryDimensions"": ""8""}",average_time,us/op,10,10,1.553619041247357,1.552472866044409,0.017819982835838095,1.5316194966130616,1.580358879083869
keys,io.github.aalsanie.boundedorigin.cli.SemanticKeyBenchmark.canonicalizeProjectedOperation,"{""ordered"": ""false"", ""queryCase"": ""SELECTED"", ""queryDimensions"": ""8""}",allocation,B/op,10,10,6224.009059702461,6224.009053071852,0.00010389931004597876,6224.008931444,6224.009215637836
keys,io.github.aalsanie.boundedorigin.cli.SemanticKeyBenchmark.canonicalizeProjectedOperation,"{""ordered"": ""false"", ""queryCase"": ""SELECTED"", ""queryDimensions"": ""32""}",average_time,us/op,10,10,1.6876677417328823,1.6772279618856571,0.023295881151786216,1.6655888886745749,1.7421164671669893
keys,io.github.aalsanie.boundedorigin.cli.SemanticKeyBenchmark.canonicalizeProjectedOperation,"{""ordered"": ""false"", ""queryCase"": ""SELECTED"", ""queryDimensions"": ""32""}",allocation,B/op,10,10,6704.009841355836,6704.009780498023,0.00013583022899708535,6704.009712661246,6704.010158796119
keys,io.github.aalsanie.boundedorigin.cli.SemanticKeyBenchmark.canonicalizeProjectedOperation,"{""ordered"": ""false"", ""queryCase"": ""SELECTED"", ""queryDimensions"": ""128""}",average_time,us/op,10,10,2.6723301136523303,2.669849077693729,0.016598878750089852,2.6466659000361323,2.6962479747391757
keys,io.github.aalsanie.boundedorigin.cli.SemanticKeyBenchmark.canonicalizeProjectedOperation,"{""ordered"": ""false"", ""queryCase"": ""SELECTED"", ""queryDimensions"": ""128""}",allocation,B/op,10,10,12683.215583073037,12688.015568691879,15.178985322917562,12640.015433502042,12688.01572274669
keys,io.github.aalsanie.boundedorigin.cli.SemanticKeyBenchmark.canonicalizeProjectedOperation,"{""ordered"": ""false"", ""queryCase"": ""NOISE"", ""queryDimensions"": ""1""}",average_time,us/op,10,10,1.46481324871819,1.4598779481260915,0.01611627853289492,1.4472914974737565,1.4871605155340177
keys,io.github.aalsanie.boundedorigin.cli.SemanticKeyBenchmark.canonicalizeProjectedOperation,"{""ordered"": ""false"", ""queryCase"": ""NOISE"", ""queryDimensions"": ""1""}",allocation,B/op,10,10,5512.008541852136,5512.008513060317,9.396475327552691e-05,5512.008439691891,5512.008672152777
keys,io.github.aalsanie.boundedorigin.cli.SemanticKeyBenchmark.canonicalizeProjectedOperation,"{""ordered"": ""false"", ""queryCase"": ""NOISE"", ""queryDimensions"": ""8""}",average_time,us/op,10,10,1.5581855538331018,1.557518643315634,0.014705915521182365,1.534076146147001,1.5827130496260817
keys,io.github.aalsanie.boundedorigin.cli.SemanticKeyBenchmark.canonicalizeProjectedOperation,"{""ordered"": ""false"", ""queryCase"": ""NOISE"", ""queryDimensions"": ""8""}",allocation,B/op,10,10,6224.009086311261,6224.009082357574,8.57587271885372e-05,6224.008945691088,6224.009229348179
keys,io.github.aalsanie.boundedorigin.cli.SemanticKeyBenchmark.canonicalizeProjectedOperation,"{""ordered"": ""false"", ""queryCase"": ""NOISE"", ""queryDimensions"": ""32""}",average_time,us/op,10,10,1.6922851492591366,1.6952650787035357,0.012235295084484945,1.6752493877141985,1.7076789505395868
keys,io.github.aalsanie.boundedorigin.cli.SemanticKeyBenchmark.canonicalizeProjectedOperation,"{""ordered"": ""false"", ""queryCase"": ""NOISE"", ""queryDimensions"": ""32""}",allocation,B/op,10,10,6706.409868215211,6704.009890533497,7.589477320267854,6704.009767879089,6728.009899338288
keys,io.github.aalsanie.boundedorigin.cli.SemanticKeyBenchmark.canonicalizeProjectedOperation,"{""ordered"": ""false"", ""queryCase"": ""NOISE"", ""queryDimensions"": ""128""}",average_time,us/op,10,10,2.689223369684463,2.6833999147191108,0.028253963391113406,2.658348187593379,2.755156656981298
keys,io.github.aalsanie.boundedorigin.cli.SemanticKeyBenchmark.canonicalizeProjectedOperation,"{""ordered"": ""false"", ""queryCase"": ""NOISE"", ""queryDimensions"": ""128""}",allocation,B/op,10,10,12690.415681523218,12688.015660992436,7.589453685207029,12688.015501623646,12712.015645375606
keys,io.github.aalsanie.boundedorigin.cli.SemanticKeyBenchmark.canonicalizeProjectedOperation,"{""ordered"": ""false"", ""queryCase"": ""DUPLICATES"", ""queryDimensions"": ""1""}",average_time,us/op,10,10,1.4918138125346787,1.4940343031778702,0.020366736647516707,1.4534141224542156,1.5193282861101132
keys,io.github.aalsanie.boundedorigin.cli.SemanticKeyBenchmark.canonicalizeProjectedOperation,"{""ordered"": ""false"", ""queryCase"": ""DUPLICATES"", ""queryDimensions"": ""1""}",allocation,B/op,10,10,5538.408699287229,5536.008712273609,7.589485573420792,5536.008475399481,5560.008753897553
keys,io.github.aalsanie.boundedorigin.cli.SemanticKeyBenchmark.canonicalizeProjectedOperation,"{""ordered"": ""false"", ""queryCase"": ""DUPLICATES"", ""queryDimensions"": ""8""}",average_time,us/op,10,10,1.6233083452349313,1.6248539454471322,0.017514311126570318,1.597075332127318,1.6547872005823403
keys,io.github.aalsanie.boundedorigin.cli.SemanticKeyBenchmark.canonicalizeProjectedOperation,"{""ordered"": ""false"", ""queryCase"": ""DUPLICATES"", ""queryDimensions"": ""8""}",allocation,B/op,10,10,6380.8094660083825,6376.00952548045,10.119272422171573,6376.0093130754,6400.009511977361
keys,io.github.aalsanie.boundedorigin.cli.SemanticKeyBenchmark.canonicalizeProjectedOperation,"{""ordered"": ""false"", ""queryCase"": ""DUPLICATES"", ""queryDimensions"": ""32""}",average_time,us/op,10,10,1.999043421285128,2.0002923321594994,0.014954186977725497,1.9787952079186755,2.018784600758651
keys,io.github.aalsanie.boundedorigin.cli.SemanticKeyBenchmark.canonicalizeProjectedOperation,"{""ordered"": ""false"", ""queryCase"": ""DUPLICATES"", ""queryDimensions"": ""32""}",allocation,B/op,10,10,9298.41165701335,9296.011679538482,7.589477238675411,9296.011538938836,9320.011687903743
keys,io.github.aalsanie.boundedorigin.cli.SemanticKeyBenchmark.canonicalizeProjectedOperation,"{""ordered"": ""false"", ""queryCase"": ""DUPLICATES"", ""queryDimensions"": ""128""}",average_time,us/op,10,10,3.7434082533085578,3.7434488042341902,0.047597111957055606,3.6530509541260816,3.830565506981275
keys,io.github.aalsanie.boundedorigin.cli.SemanticKeyBenchmark.canonicalizeProjectedOperation,"{""ordered"": ""false"", ""queryCase"": ""DUPLICATES"", ""queryDimensions"": ""128""}",allocation,B/op,10,10,19176.821828755503,19184.021736702096,25.424303228914656,19136.02180347349,19208.021760047504
keys,io.github.aalsanie.boundedorigin.cli.SemanticKeyBenchmark.canonicalizeProjectedOperation,"{""ordered"": ""false"", ""queryCase"": ""MISSING"", ""queryDimensions"": ""1""}",average_time,us/op,10,10,1.4444053224669153,1.438828964369554,0.01616024871702018,1.4241792981969543,1.4703073711033112
keys,io.github.aalsanie.boundedorigin.cli.SemanticKeyBenchmark.canonicalizeProjectedOperation,"{""ordered"": ""false"", ""queryCase"": ""MISSING"", ""queryDimensions"": ""1""}",allocation,B/op,10,10,5392.008422829297,5392.008390315315,9.422829621819188e-05,5392.008304903182,5392.008573876802
keys,io.github.aalsanie.boundedorigin.cli.SemanticKeyBenchmark.canonicalizeProjectedOperation,"{""ordered"": ""false"", ""queryCase"": ""MISSING"", ""queryDimensions"": ""8""}",average_time,us/op,10,10,1.4423284241633785,1.4412302815007307,0.02463077117923549,1.401923026381347,1.4726203663004351
keys,io.github.aalsanie.boundedorigin.cli.SemanticKeyBenchmark.canonicalizeProjectedOperation,"{""ordered"": ""false"", ""queryCase"": ""MISSING"", ""queryDimensions"": ""8""}",allocation,B/op,10,10,5399.208410725233,5392.00843954005,11.593176314423397,5392.008175155467,5416.008587411237
keys,io.github.aalsanie.boundedorigin.cli.SemanticKeyBenchmark.canonicalizeProjectedOperation,"{""ordered"": ""false"", ""queryCase"": ""MISSING"", ""queryDimensions"": ""32""}",average_time,us/op,10,10,1.4437384970624498,1.4471108000896542,0.02332982079994507,1.415429107395735,1.481645495970255
keys,io.github.aalsanie.boundedorigin.cli.SemanticKeyBenchmark.canonicalizeProjectedOperation,"{""ordered"": ""false"", ""queryCase"": ""MISSING"", ""queryDimensions"": ""32""}",allocation,B/op,10,10,5396.808418933139,5392.008438586363,10.119374068165305,5392.00825387844,5416.008639950599
keys,io.github.aalsanie.boundedorigin.cli.SemanticKeyBenchmark.canonicalizeProjectedOperation,"{""ordered"": ""false"", ""queryCase"": ""MISSING"", ""queryDimensions"": ""128""}",average_time,us/op,10,10,1.439921197330042,1.4407770664811543,0.012674224665787399,1.4176179037351482,1.4628732359658883
keys,io.github.aalsanie.boundedorigin.cli.SemanticKeyBenchmark.canonicalizeProjectedOperation,"{""ordered"": ""false"", ""queryCase"": ""MISSING"", ""queryDimensions"": ""128""}",allocation,B/op,10,10,5396.80839657381,5392.008427643143,10.119291083511367,5392.008266572004,5416.008418261227
keys,io.github.aalsanie.boundedorigin.cli.SemanticKeyBenchmark.canonicalizeProjectedOperation,"{""ordered"": ""false"", ""queryCase"": ""BARE"", ""queryDimensions"": ""1""}",average_time,us/op,10,10,1.4704203170651953,1.4650165104363229,0.02241602664780824,1.4453962863504797,1.5247944040878538
keys,io.github.aalsanie.boundedorigin.cli.SemanticKeyBenchmark.canonicalizeProjectedOperation,"{""ordered"": ""false"", ""queryCase"": ""BARE"", ""queryDimensions"": ""1""}",allocation,B/op,10,10,5511.208574489161,5504.0085429011015,11.59313533626812,5504.008428618791,5528.008637930331
keys,io.github.aalsanie.boundedorigin.cli.SemanticKeyBenchmark.canonicalizeProjectedOperation,"{""ordered"": ""false"", ""queryCase"": ""BARE"", ""queryDimensions"": ""8""}",average_time,us/op,10,10,1.4915725871715908,1.489877629361904,0.013455731570188,1.4693728133300756,1.5107467814170987
keys,io.github.aalsanie.boundedorigin.cli.SemanticKeyBenchmark.canonicalizeProjectedOperation,"{""ordered"": ""false"", ""queryCase"": ""BARE"", ""queryDimensions"": ""8""}",allocation,B/op,10,10,5536.008697862693,5536.008687982656,7.8473947363806e-05,5536.008568433214,5536.008809675718
keys,io.github.aalsanie.boundedorigin.cli.SemanticKeyBenchmark.canonicalizeProjectedOperation,"{""ordered"": ""false"", ""queryCase"": ""BARE"", ""queryDimensions"": ""32""}",average_time,us/op,10,10,1.588467341390225,1.5933986017881192,0.020037155727672135,1.5619042912717431,1.6176733938831458
keys,io.github.aalsanie.boundedorigin.cli.SemanticKeyBenchmark.canonicalizeProjectedOperation,"{""ordered"": ""false"", ""queryCase"": ""BARE"", ""queryDimensions"": ""32""}",allocation,B/op,10,10,6322.409262913056,6320.009291683079,7.5895044413203445,6320.009107949971,6344.00937122265
keys,io.github.aalsanie.boundedorigin.cli.SemanticKeyBenchmark.canonicalizeProjectedOperation,"{""ordered"": ""false"", ""queryCase"": ""BARE"", ""queryDimensions"": ""128""}",average_time,us/op,10,10,1.9779874571103684,1.9788629314322015,0.042562185122601175,1.9196272807529668,2.0619035490998603
keys,io.github.aalsanie.boundedorigin.cli.SemanticKeyBenchmark.canonicalizeProjectedOperation,"{""ordered"": ""false"", ""queryCase"": ""BARE"", ""queryDimensions"": ""128""}",allocation,B/op,10,10,8852.811534155595,8848.011613378174,10.119222686452899,8848.011223075542,8872.011624554909
keys,io.github.aalsanie.boundedorigin.cli.SemanticKeyBenchmark.canonicalizeProjectedOperation,"{""ordered"": ""false"", ""queryCase"": ""EMPTY"", ""queryDimensions"": ""1""}",average_time,us/op,10,10,1.4976329769623131,1.489032093022431,0.039045542767044895,1.4675678005621546,1.6057161503023147
keys,io.github.aalsanie.boundedorigin.cli.SemanticKeyBenchmark.canonicalizeProjectedOperation,"{""ordered"": ""false"", ""queryCase"": ""EMPTY"", ""queryDimensions"": ""1""}",allocation,B/op,10,10,5506.4087330620705,5504.008682844724,7.589456888236814,5504.008557738438,5528.008706025805
keys,io.github.aalsanie.boundedorigin.cli.SemanticKeyBenchmark.canonicalizeProjectedOperation,"{""ordered"": ""false"", ""queryCase"": ""EMPTY"", ""queryDimensions"": ""8""}",average_time,us/op,10,10,1.5395382876724084,1.5365416465504471,0.02091808647520753,1.513021212578144,1.5832800003106324
keys,io.github.aalsanie.boundedorigin.cli.SemanticKeyBenchmark.canonicalizeProjectedOperation,"{""ordered"": ""false"", ""queryCase"": ""EMPTY"", ""queryDimensions"": ""8""}",allocation,B/op,10,10,5556.808977341381,5552.008959894283,10.119361800806972,5552.008822908649,5576.0092321694765
keys,io.github.aalsanie.boundedorigin.cli.SemanticKeyBenchmark.canonicalizeProjectedOperation,"{""ordered"": ""false"", ""queryCase"": ""EMPTY"", ""queryDimensions"": ""32""}",average_time,us/op,10,10,1.6148280897706087,1.6115026828384063,0.016636494872633162,1.5881987355956204,1.644106264150248
keys,io.github.aalsanie.boundedorigin.cli.SemanticKeyBenchmark.canonicalizeProjectedOperation,"{""ordered"": ""false"", ""queryCase"": ""EMPTY"", ""queryDimensions"": ""32""}",allocation,B/op,10,10,6384.809416481073,6384.009452278263,17.46616414073919,6344.009367303063,6408.009404458412
keys,io.github.aalsanie.boundedorigin.cli.SemanticKeyBenchmark.canonicalizeProjectedOperation,"{""ordered"": ""false"", ""queryCase"": ""EMPTY"", ""queryDimensions"": ""128""}",average_time,us/op,10,10,2.063218607596871,2.055089559123967,0.025429921718572793,2.0315116138638967,2.1038809458678602
keys,io.github.aalsanie.boundedorigin.cli.SemanticKeyBenchmark.canonicalizeProjectedOperation,"{""ordered"": ""false"", ""queryCase"": ""EMPTY"", ""queryDimensions"": ""128""}",allocation,B/op,10,10,9495.212031044539,9488.012091914266,11.593112512458003,9488.011846340805,9512.012245593758
keys,io.github.aalsanie.boundedorigin.cli.SemanticKeyBenchmark.canonicalizeProjectedOperation,"{""ordered"": ""false"", ""queryCase"": ""REVERSED"", ""queryDimensions"": ""1""}",average_time,us/op,10,10,1.4928282302786624,1.4934781838163187,0.024520717185392314,1.459696893485978,1.5435673161841121
keys,io.github.aalsanie.boundedorigin.cli.SemanticKeyBenchmark.canonicalizeProjectedOperation,"{""ordered"": ""false"", ""queryCase"": ""REVERSED"", ""queryDimensions"": ""1""}",allocation,B/op,10,10,5519.2087050533,5512.008794873556,11.593067074762383,5512.0085118899615,5536.008744357198
keys,io.github.aalsanie.boundedorigin.cli.SemanticKeyBenchmark.canonicalizeProjectedOperation,"{""ordered"": ""false"", ""queryCase"": ""REVERSED"", ""queryDimensions"": ""8""}",average_time,us/op,10,10,1.5889310114902873,1.5875822254435787,0.019482752098688404,1.5634427404000673,1.6236913011164888
keys,io.github.aalsanie.boundedorigin.cli.SemanticKeyBenchmark.canonicalizeProjectedOperation,"{""ordered"": ""false"", ""queryCase"": ""REVERSED"", ""queryDimensions"": ""8""}",allocation,B/op,10,10,6226.409265445457,6224.00925753268,7.5894792546439565,6224.009116880099,6248.009302072413
keys,io.github.aalsanie.boundedorigin.cli.SemanticKeyBenchmark.canonicalizeProjectedOperation,"{""ordered"": ""false"", ""queryCase"": ""REVERSED"", ""queryDimensions"": ""32""}",average_time,us/op,10,10,1.7645012337127741,1.7550997722811523,0.03297291610753958,1.7369868873190262,1.8483908268806972
keys,io.github.aalsanie.boundedorigin.cli.SemanticKeyBenchmark.canonicalizeProjectedOperation,"{""ordered"": ""false"", ""queryCase"": ""REVERSED"", ""queryDimensions"": ""32""}",allocation,B/op,10,10,6704.010289175533,6704.010234402418,0.00019213997090367535,6704.010128765013,6704.010777986003
keys,io.github.aalsanie.boundedorigin.cli.SemanticKeyBenchmark.canonicalizeProjectedOperation,"{""ordered"": ""false"", ""queryCase"": ""REVERSED"", ""queryDimensions"": ""128""}",average_time,us/op,10,10,2.719923145470115,2.7185774571831325,0.02228899595519629,2.6868610762875793,2.7471955403941433
keys,io.github.aalsanie.boundedorigin.cli.SemanticKeyBenchmark.canonicalizeProjectedOperation,"{""ordered"": ""false"", ""queryCase"": ""REVERSED"", ""queryDimensions"": ""128""}",allocation,B/op,10,10,12688.015860475794,12688.015852710203,11.313659514920701,12664.016019411205,12712.015811586705
keys,io.github.aalsanie.boundedorigin.cli.SemanticKeyBenchmark.canonicalizeProjectedOperation,"{""ordered"": ""false"", ""queryCase"": ""ENCODED"", ""queryDimensions"": ""1""}",average_time,us/op,10,10,1.4984615787784985,1.4917017904249357,0.026518197362069666,1.4637858171900573,1.538054328314767
keys,io.github.aalsanie.boundedorigin.cli.SemanticKeyBenchmark.canonicalizeProjectedOperation,"{""ordered"": ""false"", ""queryCase"": ""ENCODED"", ""queryDimensions"": ""1""}",allocation,B/op,10,10,5512.008737846496,5512.0086984540585,0.00015460134013265612,5512.008535734649,5512.008968561302
keys,io.github.aalsanie.boundedorigin.cli.SemanticKeyBenchmark.canonicalizeProjectedOperation,"{""ordered"": ""false"", ""queryCase"": ""ENCODED"", ""queryDimensions"": ""8""}",average_time,us/op,10,10,1.589306177739932,1.5757116174971166,0.04130502880054717,1.5402071986095922,1.658216921523164
keys,io.github.aalsanie.boundedorigin.cli.SemanticKeyBenchmark.canonicalizeProjectedOperation,"{""ordered"": ""false"", ""queryCase"": ""ENCODED"", ""queryDimensions"": ""8""}",allocation,B/op,10,10,6226.409267698852,6224.009188414385,7.589581808470198,6224.008981437384,6248.009596193127
keys,io.github.aalsanie.boundedorigin.cli.SemanticKeyBenchmark.canonicalizeProjectedOperation,"{""ordered"": ""false"", ""queryCase"": ""ENCODED"", ""queryDimensions"": ""32""}",average_time,us/op,10,10,1.8541745577936395,1.754471876558542,0.242846376859688,1.6983547547296733,2.4705346747420873
keys,io.github.aalsanie.boundedorigin.cli.SemanticKeyBenchmark.canonicalizeProjectedOperation,"{""ordered"": ""false"", ""queryCase"": ""ENCODED"", ""queryDimensions"": ""32""}",allocation,B/op,10,10,6704.010812106719,6704.010230801112,0.001416091256302326,6704.009903659941,6704.014406521248
keys,io.github.aalsanie.boundedorigin.cli.SemanticKeyBenchmark.canonicalizeProjectedOperation,"{""ordered"": ""false"", ""queryCase"": ""ENCODED"", ""queryDimensions"": ""128""}",average_time,us/op,10,10,2.758049129653406,2.7627096204079757,0.030247388566201162,2.7156268197627806,2.796915184610193
keys,io.github.aalsanie.boundedorigin.cli.SemanticKeyBenchmark.canonicalizeProjectedOperation,"{""ordered"": ""false"", ""queryCase"": ""ENCODED"", ""queryDimensions"": ""128""}",allocation,B/op,10,10,12690.416082534792,12688.016150236479,7.5893939228457645,12688.0158354088,12712.015876300744
keys,io.github.aalsanie.boundedorigin.cli.SemanticKeyBenchmark.canonicalizeProjectedOperation,"{""ordered"": ""true"", ""queryCase"": ""SELECTED"", ""queryDimensions"": ""1""}",average_time,us/op,10,10,1.4948670641897346,1.4929140427583278,0.020846806271792962,1.465821921113122,1.544256728919116
keys,io.github.aalsanie.boundedorigin.cli.SemanticKeyBenchmark.canonicalizeProjectedOperation,"{""ordered"": ""true"", ""queryCase"": ""SELECTED"", ""queryDimensions"": ""1""}",allocation,B/op,10,10,5521.608716980234,5512.008896655179,12.393498787675055,5512.00860632813,5536.008729495021
keys,io.github.aalsanie.boundedorigin.cli.SemanticKeyBenchmark.canonicalizeProjectedOperation,"{""ordered"": ""true"", ""queryCase"": ""SELECTED"", ""queryDimensions"": ""8""}",average_time,us/op,10,10,1.5738877005710463,1.5735160041332659,0.02794822651009131,1.541205347427524,1.6260105812562262
keys,io.github.aalsanie.boundedorigin.cli.SemanticKeyBenchmark.canonicalizeProjectedOperation,"{""ordered"": ""true"", ""queryCase"": ""SELECTED"", ""queryDimensions"": ""8""}",allocation,B/op,10,10,6226.409177769752,6224.0092452588215,21.01434304015886,6176.009023714391,6248.009336864996
keys,io.github.aalsanie.boundedorigin.cli.SemanticKeyBenchmark.canonicalizeProjectedOperation,"{""ordered"": ""true"", ""queryCase"": ""SELECTED"", ""queryDimensions"": ""32""}",average_time,us/op,10,10,1.7727985965595892,1.7599008321050036,0.05288772578856214,1.7172464302566175,1.8974897753591229
keys,io.github.aalsanie.boundedorigin.cli.SemanticKeyBenchmark.canonicalizeProjectedOperation,"{""ordered"": ""true"", ""queryCase"": ""SELECTED"", ""queryDimensions"": ""32""}",allocation,B/op,10,10,6711.21033758587,6704.010461273639,11.593071639903918,6704.01001380007,6728.010430137183
keys,io.github.aalsanie.boundedorigin.cli.SemanticKeyBenchmark.canonicalizeProjectedOperation,"{""ordered"": ""true"", ""queryCase"": ""SELECTED"", ""queryDimensions"": ""128""}",average_time,us/op,10,10,2.776952854002664,2.762142723754981,0.05649134431888245,2.7214109325102047,2.899990554174552
keys,io.github.aalsanie.boundedorigin.cli.SemanticKeyBenchmark.canonicalizeProjectedOperation,"{""ordered"": ""true"", ""queryCase"": ""SELECTED"", ""queryDimensions"": ""128""}",allocation,B/op,10,10,12690.416192956183,12688.01615597942,7.589424329107044,12688.015869230036,12712.016073244702
keys,io.github.aalsanie.boundedorigin.cli.SemanticKeyBenchmark.canonicalizeProjectedOperation,"{""ordered"": ""true"", ""queryCase"": ""NOISE"", ""queryDimensions"": ""1""}",average_time,us/op,10,10,1.5286128750232444,1.5377126721234284,0.02730841402287924,1.460638585490254,1.5497223085187426
keys,io.github.aalsanie.boundedorigin.cli.SemanticKeyBenchmark.canonicalizeProjectedOperation,"{""ordered"": ""true"", ""queryCase"": ""NOISE"", ""queryDimensions"": ""1""}",allocation,B/op,10,10,5521.608913633988,5512.009033613715,12.393553302328359,5512.008517376286,5536.009020565924
keys,io.github.aalsanie.boundedorigin.cli.SemanticKeyBenchmark.canonicalizeProjectedOperation,"{""ordered"": ""true"", ""queryCase"": ""NOISE"", ""queryDimensions"": ""8""}",average_time,us/op,10,10,1.5781873441740648,1.5815608625781659,0.022570007573674594,1.5369903045609308,1.6095303735612598
keys,io.github.aalsanie.boundedorigin.cli.SemanticKeyBenchmark.canonicalizeProjectedOperation,"{""ordered"": ""true"", ""queryCase"": ""NOISE"", ""queryDimensions"": ""8""}",allocation,B/op,10,10,6226.409202811668,6224.009222613374,7.589524257551882,6224.0089625478295,6248.0093675189155
keys,io.github.aalsanie.boundedorigin.cli.SemanticKeyBenchmark.canonicalizeProjectedOperation,"{""ordered"": ""true"", ""queryCase"": ""NOISE"", ""queryDimensions"": ""32""}",average_time,us/op,10,10,1.7054999679963632,1.7028783990813336,0.017328155046151227,1.6869175365511795,1.746692406549808
keys,io.github.aalsanie.boundedorigin.cli.SemanticKeyBenchmark.canonicalizeProjectedOperation,"{""ordered"": ""true"", ""queryCase"": ""NOISE"", ""queryDimensions"": ""32""}",allocation,B/op,10,10,6706.4099451941065,6704.009929916601,7.589483448653531,6704.0098369351,6728.0099937579525
keys,io.github.aalsanie.boundedorigin.cli.SemanticKeyBenchmark.canonicalizeProjectedOperation,"{""ordered"": ""true"", ""queryCase"": ""NOISE"", ""queryDimensions"": ""128""}",average_time,us/op,10,10,2.708497724297724,2.704140630728425,0.021934723042661208,2.6737397811591204,2.7460727392701174
keys,io.github.aalsanie.boundedorigin.cli.SemanticKeyBenchmark.canonicalizeProjectedOperation,"{""ordered"": ""true"", ""queryCase"": ""NOISE"", ""queryDimensions"": ""128""}",allocation,B/op,10,10,12690.415793917202,12688.01576849321,7.58954338181539,12688.015591178064,12712.01601305372
keys,io.github.aalsanie.boundedorigin.cli.SemanticKeyBenchmark.canonicalizeProjectedOperation,"{""ordered"": ""true"", ""queryCase"": ""DUPLICATES"", ""queryDimensions"": ""1""}",average_time,us/op,10,10,1.5047433134674097,1.5020382188212291,0.02237192931681062,1.4826002709428177,1.560862569651936
keys,io.github.aalsanie.boundedorigin.cli.SemanticKeyBenchmark.canonicalizeProjectedOperation,"{""ordered"": ""true"", ""queryCase"": ""DUPLICATES"", ""queryDimensions"": ""1""}",allocation,B/op,10,10,5538.408774582081,5536.008766056532,7.589461777505688,5536.008645486133,5560.008761467432
keys,io.github.aalsanie.boundedorigin.cli.SemanticKeyBenchmark.canonicalizeProjectedOperation,"{""ordered"": ""true"", ""queryCase"": ""DUPLICATES"", ""queryDimensions"": ""8""}",average_time,us/op,10,10,1.622827565929995,1.6197664508962482,0.023627792747068537,1.5838692186588879,1.6586790207175575
keys,io.github.aalsanie.boundedorigin.cli.SemanticKeyBenchmark.canonicalizeProjectedOperation,"{""ordered"": ""true"", ""queryCase"": ""DUPLICATES"", ""queryDimensions"": ""8""}",allocation,B/op,10,10,6378.409463123622,6376.009475614295,7.589446674134411,6376.009235957768,6400.0094070237255
keys,io.github.aalsanie.boundedorigin.cli.SemanticKeyBenchmark.canonicalizeProjectedOperation,"{""ordered"": ""true"", ""queryCase"": ""DUPLICATES"", ""queryDimensions"": ""32""}",average_time,us/op,10,10,2.028553119985494,2.025238084472017,0.02347197315084411,2.002662318269649,2.079602167384794
keys,io.github.aalsanie.boundedorigin.cli.SemanticKeyBenchmark.canonicalizeProjectedOperation,"{""ordered"": ""true"", ""queryCase"": ""DUPLICATES"", ""queryDimensions"": ""32""}",allocation,B/op,10,10,9300.811829050617,9296.011869106289,10.119221155921638,9296.01167803696,9320.011702169124
keys,io.github.aalsanie.boundedorigin.cli.SemanticKeyBenchmark.canonicalizeProjectedOperation,"{""ordered"": ""true"", ""queryCase"": ""DUPLICATES"", ""queryDimensions"": ""128""}",average_time,us/op,10,10,3.788505332055448,3.78250258841719,0.03008082802341691,3.752340278799595,3.8623352233238184
keys,io.github.aalsanie.boundedorigin.cli.SemanticKeyBenchmark.canonicalizeProjectedOperation,"{""ordered"": ""true"", ""queryCase"": ""DUPLICATES"", ""queryDimensions"": ""128""}",allocation,B/op,10,10,19181.62209148312,19184.022058849565,17.708779759757558,19136.021991620393,19208.022056860562
keys,io.github.aalsanie.boundedorigin.cli.SemanticKeyBenchmark.canonicalizeProjectedOperation,"{""ordered"": ""true"", ""queryCase"": ""MISSING"", ""queryDimensions"": ""1""}",average_time,us/op,10,10,1.4626360218186818,1.4633211548728593,0.01898036600953595,1.4359171727351738,1.4909142461125424
keys,io.github.aalsanie.boundedorigin.cli.SemanticKeyBenchmark.canonicalizeProjectedOperation,"{""ordered"": ""true"", ""queryCase"": ""MISSING"", ""queryDimensions"": ""1""}",allocation,B/op,10,10,5401.60852902875,5392.008611696701,12.393590961158504,5392.008373279512,5416.0086939951125
keys,io.github.aalsanie.boundedorigin.cli.SemanticKeyBenchmark.canonicalizeProjectedOperation,"{""ordered"": ""true"", ""queryCase"": ""MISSING"", ""queryDimensions"": ""8""}",average_time,us/op,10,10,1.462933056217394,1.457438953885072,0.027582435310837233,1.4268142728455586,1.5047099297647195
keys,io.github.aalsanie.boundedorigin.cli.SemanticKeyBenchmark.canonicalizeProjectedOperation,"{""ordered"": ""true"", ""queryCase"": ""MISSING"", ""queryDimensions"": ""8""}",allocation,B/op,10,10,5404.008530755705,5404.008562613957,12.649050654606883,5392.008320051999,5416.008588484042
keys,io.github.aalsanie.boundedorigin.cli.SemanticKeyBenchmark.canonicalizeProjectedOperation,"{""ordered"": ""true"", ""queryCase"": ""MISSING"", ""queryDimensions"": ""32""}",average_time,us/op,10,10,1.4525591996745975,1.4539921637256046,0.017338259084813325,1.4290771311468458,1.4838684174083832
keys,io.github.aalsanie.boundedorigin.cli.SemanticKeyBenchmark.canonicalizeProjectedOperation,"{""ordered"": ""true"", ""queryCase"": ""MISSING"", ""queryDimensions"": ""32""}",allocation,B/op,10,10,5396.808470289246,5392.008544696439,15.178957394943943,5368.008333382253,5416.008528616183
keys,io.github.aalsanie.boundedorigin.cli.SemanticKeyBenchmark.canonicalizeProjectedOperation,"{""ordered"": ""true"", ""queryCase"": ""MISSING"", ""queryDimensions"": ""128""}",average_time,us/op,10,10,1.4593430810433956,1.4619639885188151,0.010289901379758624,1.4424414316821024,1.4769809274888925
keys,io.github.aalsanie.boundedorigin.cli.SemanticKeyBenchmark.canonicalizeProjectedOperation,"{""ordered"": ""true"", ""queryCase"": ""MISSING"", ""queryDimensions"": ""128""}",allocation,B/op,10,10,5396.8085098122365,5392.008525108746,10.119309025510129,5392.00841129991,5416.0085493240895
keys,io.github.aalsanie.boundedorigin.cli.SemanticKeyBenchmark.canonicalizeProjectedOperation,"{""ordered"": ""true"", ""queryCase"": ""BARE"", ""queryDimensions"": ""1""}",average_time,us/op,10,10,1.4691543654681003,1.4589651319867247,0.027977281207035104,1.44742292985694,1.536984485384174
keys,io.github.aalsanie.boundedorigin.cli.SemanticKeyBenchmark.canonicalizeProjectedOperation,"{""ordered"": ""true"", ""queryCase"": ""BARE"", ""queryDimensions"": ""1""}",allocation,B/op,10,10,5506.408566985152,5504.00856310554,7.5894410018202825,5504.008440260132,5528.008494740179
keys,io.github.aalsanie.boundedorigin.cli.SemanticKeyBenchmark.canonicalizeProjectedOperation,"{""ordered"": ""true"", ""queryCase"": ""BARE"", ""queryDimensions"": ""8""}",average_time,us/op,10,10,1.5054136868298311,1.5094802005619776,0.02166570801913213,1.4658995069925118,1.540256170318277
keys,io.github.aalsanie.boundedorigin.cli.SemanticKeyBenchmark.canonicalizeProjectedOperation,"{""ordered"": ""true"", ""queryCase"": ""BARE"", ""queryDimensions"": ""8""}",allocation,B/op,10,10,5543.208778515864,5536.0088164980425,11.593153855580319,5536.008548088709,5560.008981695084
keys,io.github.aalsanie.boundedorigin.cli.SemanticKeyBenchmark.canonicalizeProjectedOperation,"{""ordered"": ""true"", ""queryCase"": ""BARE"", ""queryDimensions"": ""32""}",average_time,us/op,10,10,1.6013239466816322,1.6016094737887272,0.030920865266137357,1.5558213649756698,1.6611868129490135
keys,io.github.aalsanie.boundedorigin.cli.SemanticKeyBenchmark.canonicalizeProjectedOperation,"{""ordered"": ""true"", ""queryCase"": ""BARE"", ""queryDimensions"": ""32""}",allocation,B/op,10,10,6324.80933778104,6320.009409845518,10.119290709505805,6320.009072489131,6344.009416923304
keys,io.github.aalsanie.boundedorigin.cli.SemanticKeyBenchmark.canonicalizeProjectedOperation,"{""ordered"": ""true"", ""queryCase"": ""BARE"", ""queryDimensions"": ""128""}",average_time,us/op,10,10,1.9729045664222917,1.9774311351278082,0.01813747788523836,1.9410429681310821,1.9948103643526878
keys,io.github.aalsanie.boundedorigin.cli.SemanticKeyBenchmark.canonicalizeProjectedOperation,"{""ordered"": ""true"", ""queryCase"": ""BARE"", ""queryDimensions"": ""128""}",allocation,B/op,10,10,8848.011503862459,8848.011530919826,0.00010502767541440006,8848.011318792323,8848.011632220236
keys,io.github.aalsanie.boundedorigin.cli.SemanticKeyBenchmark.canonicalizeProjectedOperation,"{""ordered"": ""true"", ""queryCase"": ""EMPTY"", ""queryDimensions"": ""1""}",average_time,us/op,10,10,1.4792381770161096,1.4734147190689222,0.02143842718379821,1.4559172338170974,1.5169488376981444
keys,io.github.aalsanie.boundedorigin.cli.SemanticKeyBenchmark.canonicalizeProjectedOperation,"{""ordered"": ""true"", ""queryCase"": ""EMPTY"", ""queryDimensions"": ""1""}",allocation,B/op,10,10,5508.80862585501,5504.008591884886,10.119345796084101,5504.008489927512,5528.008834221325
keys,io.github.aalsanie.boundedorigin.cli.SemanticKeyBenchmark.canonicalizeProjectedOperation,"{""ordered"": ""true"", ""queryCase"": ""EMPTY"", ""queryDimensions"": ""8""}",average_time,us/op,10,10,1.520161295120641,1.5143298222161334,0.01867693985588492,1.5023274657154218,1.5607234764343074
keys,io.github.aalsanie.boundedorigin.cli.SemanticKeyBenchmark.canonicalizeProjectedOperation,"{""ordered"": ""true"", ""queryCase"": ""EMPTY"", ""queryDimensions"": ""8""}",allocation,B/op,10,10,5554.408864465321,5552.008841369664,7.589453548662414,5552.008760480035,5576.008827931966
keys,io.github.aalsanie.boundedorigin.cli.SemanticKeyBenchmark.canonicalizeProjectedOperation,"{""ordered"": ""true"", ""queryCase"": ""EMPTY"", ""queryDimensions"": ""32""}",average_time,us/op,10,10,1.6288679792455265,1.6164395200124217,0.045433839439054914,1.5900791252714088,1.7359536031736755
keys,io.github.aalsanie.boundedorigin.cli.SemanticKeyBenchmark.canonicalizeProjectedOperation,"{""ordered"": ""true"", ""queryCase"": ""EMPTY"", ""queryDimensions"": ""32""}",allocation,B/op,10,10,6388.809498330509,6384.009439144182,10.119413405124932,6384.009272194612,6408.010122821033
keys,io.github.aalsanie.boundedorigin.cli.SemanticKeyBenchmark.canonicalizeProjectedOperation,"{""ordered"": ""true"", ""queryCase"": ""EMPTY"", ""queryDimensions"": ""128""}",average_time,us/op,10,10,2.0623172068255506,2.05725577727938,0.02185490901359152,2.0359199666539882,2.1111370605934447
keys,io.github.aalsanie.boundedorigin.cli.SemanticKeyBenchmark.canonicalizeProjectedOperation,"{""ordered"": ""true"", ""queryCase"": ""EMPTY"", ""queryDimensions"": ""128""}",allocation,B/op,10,10,9490.412025879517,9488.012011640025,7.589412312627749,9488.011906390724,9512.011871986051
keys,io.github.aalsanie.boundedorigin.cli.SemanticKeyBenchmark.canonicalizeProjectedOperation,"{""ordered"": ""true"", ""queryCase"": ""REVERSED"", ""queryDimensions"": ""1""}",average_time,us/op,10,10,1.5049228218602588,1.4999984524892662,0.04086490160168216,1.4664818754023994,1.6045703087749272
keys,io.github.aalsanie.boundedorigin.cli.SemanticKeyBenchmark.canonicalizeProjectedOperation,"{""ordered"": ""true"", ""queryCase"": ""REVERSED"", ""queryDimensions"": ""1""}",allocation,B/op,10,10,5516.808775623335,5512.008788379573,10.119395185618238,5512.0085514278435,5536.009356705931
keys,io.github.aalsanie.boundedorigin.cli.SemanticKeyBenchmark.canonicalizeProjectedOperation,"{""ordered"": ""true"", ""queryCase"": ""REVERSED"", ""queryDimensions"": ""8""}",average_time,us/op,10,10,1.597684929637095,1.5760593545077284,0.08922168757449093,1.529979261455018,1.8422406650454741
keys,io.github.aalsanie.boundedorigin.cli.SemanticKeyBenchmark.canonicalizeProjectedOperation,"{""ordered"": ""true"", ""queryCase"": ""REVERSED"", ""queryDimensions"": ""8""}",allocation,B/op,10,10,6226.409316595191,6224.009231371558,7.589413456780957,6224.008921862008,6248.009165910305
keys,io.github.aalsanie.boundedorigin.cli.SemanticKeyBenchmark.canonicalizeProjectedOperation,"{""ordered"": ""true"", ""queryCase"": ""REVERSED"", ""queryDimensions"": ""32""}",average_time,us/op,10,10,1.7113845063810142,1.6991129805136609,0.03677367326819395,1.672870237036912,1.776467894684341
keys,io.github.aalsanie.boundedorigin.cli.SemanticKeyBenchmark.canonicalizeProjectedOperation,"{""ordered"": ""true"", ""queryCase"": ""REVERSED"", ""queryDimensions"": ""32""}",allocation,B/op,10,10,6711.2099796352695,6704.010010945838,11.593179107718413,6704.009755056247,6728.01035918205
keys,io.github.aalsanie.boundedorigin.cli.SemanticKeyBenchmark.canonicalizeProjectedOperation,"{""ordered"": ""true"", ""queryCase"": ""REVERSED"", ""queryDimensions"": ""128""}",average_time,us/op,10,10,2.676682167740943,2.6697829539709463,0.022896982680080204,2.660363211518215,2.736710613666663
keys,io.github.aalsanie.boundedorigin.cli.SemanticKeyBenchmark.canonicalizeProjectedOperation,"{""ordered"": ""true"", ""queryCase"": ""REVERSED"", ""queryDimensions"": ""128""}",allocation,B/op,10,10,12695.21560827827,12688.015588868122,11.593145300017094,12688.015513380069,12712.015958660575
keys,io.github.aalsanie.boundedorigin.cli.SemanticKeyBenchmark.canonicalizeProjectedOperation,"{""ordered"": ""true"", ""queryCase"": ""ENCODED"", ""queryDimensions"": ""1""}",average_time,us/op,10,10,1.4563071094394502,1.455289659780028,0.0154508319336138,1.43299713923399,1.4857796873859157
keys,io.github.aalsanie.boundedorigin.cli.SemanticKeyBenchmark.canonicalizeProjectedOperation,"{""ordered"": ""true"", ""queryCase"": ""ENCODED"", ""queryDimensions"": ""1""}",allocation,B/op,10,10,5514.408492228252,5512.00848899105,7.589418611640493,5512.008395385934,5536.008356263489
keys,io.github.aalsanie.boundedorigin.cli.SemanticKeyBenchmark.canonicalizeProjectedOperation,"{""ordered"": ""true"", ""queryCase"": ""ENCODED"", ""queryDimensions"": ""8""}",average_time,us/op,10,10,1.5836412498699854,1.5731317175796993,0.03322577776204715,1.542764078632575,1.6604261130796945
keys,io.github.aalsanie.boundedorigin.cli.SemanticKeyBenchmark.canonicalizeProjectedOperation,"{""ordered"": ""true"", ""queryCase"": ""ENCODED"", ""queryDimensions"": ""8""}",allocation,B/op,10,10,6228.809234686429,6224.009173451184,10.11941404207176,6224.008996294156,6248.009682387948
keys,io.github.aalsanie.boundedorigin.cli.SemanticKeyBenchmark.canonicalizeProjectedOperation,"{""ordered"": ""true"", ""queryCase"": ""ENCODED"", ""queryDimensions"": ""32""}",average_time,us/op,10,10,1.7114562931889483,1.701693712302184,0.025788251089224775,1.683573038826807,1.7613939878452978
keys,io.github.aalsanie.boundedorigin.cli.SemanticKeyBenchmark.canonicalizeProjectedOperation,"{""ordered"": ""true"", ""queryCase"": ""ENCODED"", ""queryDimensions"": ""32""}",allocation,B/op,10,10,6706.409979971976,6704.0099230073165,7.589538902773005,6704.009817482754,6728.010186359621
keys,io.github.aalsanie.boundedorigin.cli.SemanticKeyBenchmark.canonicalizeProjectedOperation,"{""ordered"": ""true"", ""queryCase"": ""ENCODED"", ""queryDimensions"": ""128""}",average_time,us/op,10,10,2.721045406901682,2.7176521224627783,0.031142161864105906,2.6637359492226524,2.7723159521828022
keys,io.github.aalsanie.boundedorigin.cli.SemanticKeyBenchmark.canonicalizeProjectedOperation,"{""ordered"": ""true"", ""queryCase"": ""ENCODED"", ""queryDimensions"": ""128""}",allocation,B/op,10,10,12686.415867061372,12688.015854338886,20.23867547115609,12640.01576611942,12712.016165997284
keys,io.github.aalsanie.boundedorigin.cli.SemanticKeyBenchmark.projectAndCanonicalize,"{""ordered"": ""false"", ""queryCase"": ""SELECTED"", ""queryDimensions"": ""1""}",average_time,us/op,10,10,2.8329477046184617,2.8288867156288546,0.06156881229030174,2.767330573459173,2.9682099917440365
keys,io.github.aalsanie.boundedorigin.cli.SemanticKeyBenchmark.projectAndCanonicalize,"{""ordered"": ""false"", ""queryCase"": ""SELECTED"", ""queryDimensions"": ""1""}",allocation,B/op,10,10,10452.8165197096,10448.0164960392,15.17920989558933,10448.016137208675,10496.017308421366
keys,io.github.aalsanie.boundedorigin.cli.SemanticKeyBenchmark.projectAndCanonicalize,"{""ordered"": ""false"", ""queryCase"": ""SELECTED"", ""queryDimensions"": ""8""}",average_time,us/op,10,10,3.722017931943995,3.719737331079421,0.03300097053095382,3.66728899370668,3.7903968920255533
keys,io.github.aalsanie.boundedorigin.cli.SemanticKeyBenchmark.projectAndCanonicalize,"{""ordered"": ""false"", ""queryCase"": ""SELECTED"", ""queryDimensions"": ""8""}",allocation,B/op,10,10,13947.221704113834,13952.021690937829,10.119424561007172,13928.021385448068,13952.02210245575
keys,io.github.aalsanie.boundedorigin.cli.SemanticKeyBenchmark.projectAndCanonicalize,"{""ordered"": ""false"", ""queryCase"": ""SELECTED"", ""queryDimensions"": ""32""}",average_time,us/op,10,10,6.932518665429192,6.8017522345408565,0.3883750003872054,6.768524869210935,8.030712958218524
keys,io.github.aalsanie.boundedorigin.cli.SemanticKeyBenchmark.projectAndCanonicalize,"{""ordered"": ""false"", ""queryCase"": ""SELECTED"", ""queryDimensions"": ""32""}",allocation,B/op,10,10,25197.64042541956,25200.039662946623,7.589786736838848,25176.03951462289,25200.04682893097
keys,io.github.aalsanie.boundedorigin.cli.SemanticKeyBenchmark.projectAndCanonicalize,"{""ordered"": ""false"", ""queryCase"": ""SELECTED"", ""queryDimensions"": ""128""}",average_time,us/op,10,10,19.519653327502645,19.515085511927726,0.2085317235701447,19.259305859714093,19.895413760408903
keys,io.github.aalsanie.boundedorigin.cli.SemanticKeyBenchmark.projectAndCanonicalize,"{""ordered"": ""false"", ""queryCase"": ""SELECTED"", ""queryDimensions"": ""128""}",allocation,B/op,10,10,74433.71382353507,74460.1132048661,50.849605549318035,74376.11230394976,74496.11601504887
keys,io.github.aalsanie.boundedorigin.cli.SemanticKeyBenchmark.projectAndCanonicalize,"{""ordered"": ""false"", ""queryCase"": ""NOISE"", ""queryDimensions"": ""1""}",average_time,us/op,10,10,4.381120390674717,4.381969357941532,0.04348165639647471,4.318339873373705,4.448659672774003
keys,io.github.aalsanie.boundedorigin.cli.SemanticKeyBenchmark.projectAndCanonicalize,"{""ordered"": ""false"", ""queryCase"": ""NOISE"", ""queryDimensions"": ""1""}",allocation,B/op,10,10,16991.22554754694,16984.0256332421,11.59321640686585,16984.025181537665,17008.025941350897
keys,io.github.aalsanie.boundedorigin.cli.SemanticKeyBenchmark.projectAndCanonicalize,"{""ordered"": ""false"", ""queryCase"": ""NOISE"", ""queryDimensions"": ""8""}",average_time,us/op,10,10,5.6009654866498355,5.463576430410952,0.40595206989477095,5.355302827689896,6.714973867939243
keys,io.github.aalsanie.boundedorigin.cli.SemanticKeyBenchmark.projectAndCanonicalize,"{""ordered"": ""false"", ""queryCase"": ""NOISE"", ""queryDimensions"": ""8""}",allocation,B/op,10,10,20448.032660101217,20448.03185895046,0.002366298734316574,20448.031227942414,20448.039153721795
keys,io.github.aalsanie.boundedorigin.cli.SemanticKeyBenchmark.projectAndCanonicalize,"{""ordered"": ""false"", ""queryCase"": ""NOISE"", ""queryDimensions"": ""32""}",average_time,us/op,10,10,8.666501142032773,8.66399971475461,0.12586830201800492,8.491043353663082,8.82590346686382
keys,io.github.aalsanie.boundedorigin.cli.SemanticKeyBenchmark.projectAndCanonicalize,"{""ordered"": ""false"", ""queryCase"": ""NOISE"", ""queryDimensions"": ""32""}",allocation,B/op,10,10,31660.050536249284,31672.050318961617,30.46339143003287,31576.049513363963,31672.05146549905
keys,io.github.aalsanie.boundedorigin.cli.SemanticKeyBenchmark.projectAndCanonicalize,"{""ordered"": ""false"", ""queryCase"": ""NOISE"", ""queryDimensions"": ""128""}",average_time,us/op,10,10,21.298234837697454,21.31344119617813,0.19644472241285557,21.012182360967348,21.683672098184868
keys,io.github.aalsanie.boundedorigin.cli.SemanticKeyBenchmark.projectAndCanonicalize,"{""ordered"": ""false"", ""queryCase"": ""NOISE"", ""queryDimensions"": ""128""}",allocation,B/op,10,10,80377.72419302374,80416.12319358584,49.5743874041634,80320.12252629605,80416.1264405389
keys,io.github.aalsanie.boundedorigin.cli.SemanticKeyBenchmark.projectAndCanonicalize,"{""ordered"": ""false"", ""queryCase"": ""DUPLICATES"", ""queryDimensions"": ""1""}",average_time,us/op,10,10,3.0017090617897964,2.9957561640396024,0.027379099504722594,2.968770090296446,3.052827769347788
keys,io.github.aalsanie.boundedorigin.cli.SemanticKeyBenchmark.projectAndCanonicalize,"{""ordered"": ""false"", ""queryCase"": ""DUPLICATES"", ""queryDimensions"": ""1""}",allocation,B/op,10,10,10972.017503743686,10960.01746898417,20.396214923377897,10960.017311752254,11008.017801909094
keys,io.github.aalsanie.boundedorigin.cli.SemanticKeyBenchmark.projectAndCanonicalize,"{""ordered"": ""false"", ""queryCase"": ""DUPLICATES"", ""queryDimensions"": ""8""}",average_time,us/op,10,10,4.854104661750128,4.856761793697395,0.0399202060242356,4.775017790707221,4.909989808243561
keys,io.github.aalsanie.boundedorigin.cli.SemanticKeyBenchmark.projectAndCanonicalize,"{""ordered"": ""false"", ""queryCase"": ""DUPLICATES"", ""queryDimensions"": ""8""}",allocation,B/op,10,10,17626.428305581256,17624.028321032798,17.708889525110713,17600.02784447145,17672.028522041204
keys,io.github.aalsanie.boundedorigin.cli.SemanticKeyBenchmark.projectAndCanonicalize,"{""ordered"": ""false"", ""queryCase"": ""DUPLICATES"", ""queryDimensions"": ""32""}",average_time,us/op,10,10,11.147461529461413,11.11108951519478,0.12107629177617633,10.97746987314958,11.33655512681102
keys,io.github.aalsanie.boundedorigin.cli.SemanticKeyBenchmark.projectAndCanonicalize,"{""ordered"": ""false"", ""queryCase"": ""DUPLICATES"", ""queryDimensions"": ""32""}",allocation,B/op,10,10,41916.865003665516,41912.06513118354,10.119506301979746,41912.06401291867,41936.0661069514
keys,io.github.aalsanie.boundedorigin.cli.SemanticKeyBenchmark.projectAndCanonicalize,"{""ordered"": ""false"", ""queryCase"": ""DUPLICATES"", ""queryDimensions"": ""128""}",average_time,us/op,10,10,37.56294006644145,37.42571033610842,0.38584896019077897,37.132130452989635,38.179227093618735
keys,io.github.aalsanie.boundedorigin.cli.SemanticKeyBenchmark.projectAndCanonicalize,"{""ordered"": ""false"", ""queryCase"": ""DUPLICATES"", ""queryDimensions"": ""128""}",allocation,B/op,10,10,138984.21981571696,138984.21901219778,0.0022571634711923156,138984.21729164102,138984.22341974225
keys,io.github.aalsanie.boundedorigin.cli.SemanticKeyBenchmark.projectAndCanonicalize,"{""ordered"": ""false"", ""queryCase"": ""MISSING"", ""queryDimensions"": ""1""}",average_time,us/op,10,10,2.63238933416662,2.628279967233893,0.03062034907977756,2.5979692851922422,2.6896505788348346
keys,io.github.aalsanie.boundedorigin.cli.SemanticKeyBenchmark.projectAndCanonicalize,"{""ordered"": ""false"", ""queryCase"": ""MISSING"", ""queryDimensions"": ""1""}",allocation,B/op,10,10,9608.015350204325,9608.015326207304,0.00017855054655567396,9608.015149546507,9608.01568406994
keys,io.github.aalsanie.boundedorigin.cli.SemanticKeyBenchmark.projectAndCanonicalize,"{""ordered"": ""false"", ""queryCase"": ""MISSING"", ""queryDimensions"": ""8""}",average_time,us/op,10,10,2.6243045806071206,2.619319318051379,0.03348354634289532,2.5821479608346247,2.6969469098558094
keys,io.github.aalsanie.boundedorigin.cli.SemanticKeyBenchmark.projectAndCanonicalize,"{""ordered"": ""false"", ""queryCase"": ""MISSING"", ""queryDimensions"": ""8""}",allocation,B/op,10,10,9612.81530302448,9608.015273844223,15.17908162873841,9608.015057319097,9656.015726685771
keys,io.github.aalsanie.boundedorigin.cli.SemanticKeyBenchmark.projectAndCanonicalize,"{""ordered"": ""false"", ""queryCase"": ""MISSING"", ""queryDimensions"": ""32""}",average_time,us/op,10,10,2.6301710777790994,2.631219691991653,0.024795603659977433,2.5993245637700833,2.6833632158093894
keys,io.github.aalsanie.boundedorigin.cli.SemanticKeyBenchmark.projectAndCanonicalize,"{""ordered"": ""false"", ""queryCase"": ""MISSING"", ""queryDimensions"": ""32""}",allocation,B/op,10,10,9608.015337194473,9608.015343275587,0.00014458292316307645,9608.015157355796,9608.01564755371
keys,io.github.aalsanie.boundedorigin.cli.SemanticKeyBenchmark.projectAndCanonicalize,"{""ordered"": ""false"", ""queryCase"": ""MISSING"", ""queryDimensions"": ""128""}",average_time,us/op,10,10,2.730933991229419,2.628237090118782,0.3072620039135808,2.5858002255173584,3.5999837066345046
keys,io.github.aalsanie.boundedorigin.cli.SemanticKeyBenchmark.projectAndCanonicalize,"{""ordered"": ""false"", ""queryCase"": ""MISSING"", ""queryDimensions"": ""128""}",allocation,B/op,10,10,9620.015924816798,9608.015422515364,20.3972246047407,9608.015078698725,9656.02099244533
keys,io.github.aalsanie.boundedorigin.cli.SemanticKeyBenchmark.projectAndCanonicalize,"{""ordered"": ""false"", ""queryCase"": ""BARE"", ""queryDimensions"": ""1""}",average_time,us/op,10,10,2.711489562675245,2.707473927002215,0.021659719282632325,2.6821410715319893,2.748395697957778
keys,io.github.aalsanie.boundedorigin.cli.SemanticKeyBenchmark.projectAndCanonicalize,"{""ordered"": ""false"", ""queryCase"": ""BARE"", ""queryDimensions"": ""1""}",allocation,B/op,10,10,10190.415811587616,10184.015856368584,20.238534615449822,10176.015640263091,10232.0156897852
keys,io.github.aalsanie.boundedorigin.cli.SemanticKeyBenchmark.projectAndCanonicalize,"{""ordered"": ""false"", ""queryCase"": ""BARE"", ""queryDimensions"": ""8""}",average_time,us/op,10,10,3.1488172362045024,3.1397091058127313,0.026409200767222182,3.1207148872048545,3.1879112232950644
keys,io.github.aalsanie.boundedorigin.cli.SemanticKeyBenchmark.projectAndCanonicalize,"{""ordered"": ""false"", ""queryCase"": ""BARE"", ""queryDimensions"": ""8""}",allocation,B/op,10,10,11358.418361773132,11344.018554860817,23.18611571977427,11344.018212600655,11392.018299135201
keys,io.github.aalsanie.boundedorigin.cli.SemanticKeyBenchmark.projectAndCanonicalize,"{""ordered"": ""false"", ""queryCase"": ""BARE"", ""queryDimensions"": ""32""}",average_time,us/op,10,10,5.039053306684769,5.02997571745015,0.0595714050601479,4.964870542575101,5.1647348509092526
keys,io.github.aalsanie.boundedorigin.cli.SemanticKeyBenchmark.projectAndCanonicalize,"{""ordered"": ""false"", ""queryCase"": ""BARE"", ""queryDimensions"": ""32""}",allocation,B/op,10,10,16779.229384360024,16784.02921920758,10.119111248170721,16760.029323997984,16784.029671647295
keys,io.github.aalsanie.boundedorigin.cli.SemanticKeyBenchmark.projectAndCanonicalize,"{""ordered"": ""false"", ""queryCase"": ""BARE"", ""queryDimensions"": ""128""}",average_time,us/op,10,10,11.623964552275,11.606490055407805,0.1423522754497491,11.423354462250003,11.872421149828265
keys,io.github.aalsanie.boundedorigin.cli.SemanticKeyBenchmark.projectAndCanonicalize,"{""ordered"": ""false"", ""queryCase"": ""BARE"", ""queryDimensions"": ""128""}",allocation,B/op,10,10,38004.86778252348,38024.067679984786,40.47751992230102,37928.06661256173,38024.069232077054
keys,io.github.aalsanie.boundedorigin.cli.SemanticKeyBenchmark.projectAndCanonicalize,"{""ordered"": ""false"", ""queryCase"": ""EMPTY"", ""queryDimensions"": ""1""}",average_time,us/op,10,10,2.7399938315578916,2.7304035746868576,0.043973480463398246,2.6926790620010577,2.838392069012623
keys,io.github.aalsanie.boundedorigin.cli.SemanticKeyBenchmark.projectAndCanonicalize,"{""ordered"": ""false"", ""queryCase"": ""EMPTY"", ""queryDimensions"": ""1""}",allocation,B/op,10,10,10368.015977827066,10368.015921861093,0.00025642347215419734,10368.01570188812,10368.01655162263
keys,io.github.aalsanie.boundedorigin.cli.SemanticKeyBenchmark.projectAndCanonicalize,"{""ordered"": ""false"", ""queryCase"": ""EMPTY"", ""queryDimensions"": ""8""}",average_time,us/op,10,10,3.4646549351310063,3.4287399548051045,0.09454718708996426,3.386290931416319,3.665042126857477
keys,io.github.aalsanie.boundedorigin.cli.SemanticKeyBenchmark.projectAndCanonicalize,"{""ordered"": ""false"", ""queryCase"": ""EMPTY"", ""queryDimensions"": ""8""}",allocation,B/op,10,10,12605.620203486322,12608.019994083514,7.589620522327212,12584.019764854638,12608.021372011282
keys,io.github.aalsanie.boundedorigin.cli.SemanticKeyBenchmark.projectAndCanonicalize,"{""ordered"": ""false"", ""queryCase"": ""EMPTY"", ""queryDimensions"": ""32""}",average_time,us/op,10,10,5.912609480844833,5.90421381521214,0.06723729789663843,5.836862356701217,6.009975403096187
keys,io.github.aalsanie.boundedorigin.cli.SemanticKeyBenchmark.projectAndCanonicalize,"{""ordered"": ""false"", ""queryCase"": ""EMPTY"", ""queryDimensions"": ""32""}",allocation,B/op,10,10,21844.834478101773,21840.034429520885,15.179123746606953,21840.034036758236,21888.0350216231
keys,io.github.aalsanie.boundedorigin.cli.SemanticKeyBenchmark.projectAndCanonicalize,"{""ordered"": ""false"", ""queryCase"": ""EMPTY"", ""queryDimensions"": ""128""}",average_time,us/op,10,10,15.30141847684629,15.20783424953939,0.2819700551187994,15.025777053705896,15.954734880298625
keys,io.github.aalsanie.boundedorigin.cli.SemanticKeyBenchmark.projectAndCanonicalize,"{""ordered"": ""false"", ""queryCase"": ""EMPTY"", ""queryDimensions"": ""128""}",allocation,B/op,10,10,58612.88922668998,58632.08855402791,40.476573903756886,58536.08761825024,58632.09044741387
keys,io.github.aalsanie.boundedorigin.cli.SemanticKeyBenchmark.projectAndCanonicalize,"{""ordered"": ""false"", ""queryCase"": ""REVERSED"", ""queryDimensions"": ""1""}",average_time,us/op,10,10,2.793046353413145,2.7892186157250602,0.0321757188484563,2.7307225786767115,2.84452756225034
keys,io.github.aalsanie.boundedorigin.cli.SemanticKeyBenchmark.projectAndCanonicalize,"{""ordered"": ""false"", ""queryCase"": ""REVERSED"", ""queryDimensions"": ""1""}",allocation,B/op,10,10,10460.016287154134,10448.01633161735,25.922885802179096,10448.01618475173,10520.016279864012
keys,io.github.aalsanie.boundedorigin.cli.SemanticKeyBenchmark.projectAndCanonicalize,"{""ordered"": ""false"", ""queryCase"": ""REVERSED"", ""queryDimensions"": ""8""}",average_time,us/op,10,10,3.690984512124135,3.695614152283767,0.05675158854233586,3.6194349033576825,3.778260694677793
keys,io.github.aalsanie.boundedorigin.cli.SemanticKeyBenchmark.projectAndCanonicalize,"{""ordered"": ""false"", ""queryCase"": ""REVERSED"", ""queryDimensions"": ""8""}",allocation,B/op,10,10,13956.821523330906,13952.021550399884,15.179071399557202,13952.021106080416,14000.021917872467
keys,io.github.aalsanie.boundedorigin.cli.SemanticKeyBenchmark.projectAndCanonicalize,"{""ordered"": ""false"", ""queryCase"": ""REVERSED"", ""queryDimensions"": ""32""}",average_time,us/op,10,10,6.585639517887414,6.594930483168796,0.07807332889157123,6.506212144119368,6.7760148080345575
keys,io.github.aalsanie.boundedorigin.cli.SemanticKeyBenchmark.projectAndCanonicalize,"{""ordered"": ""false"", ""queryCase"": ""REVERSED"", ""queryDimensions"": ""32""}",allocation,B/op,10,10,25197.63840290095,25200.038457289047,7.589589821924205,25176.0380516276,25200.03951283141
keys,io.github.aalsanie.boundedorigin.cli.SemanticKeyBenchmark.projectAndCanonicalize,"{""ordered"": ""false"", ""queryCase"": ""REVERSED"", ""queryDimensions"": ""128""}",average_time,us/op,10,10,19.065148019731268,19.03501220383273,0.1538042654417869,18.88095024744799,19.256911881003333
keys,io.github.aalsanie.boundedorigin.cli.SemanticKeyBenchmark.projectAndCanonicalize,"{""ordered"": ""false"", ""queryCase"": ""REVERSED"", ""queryDimensions"": ""128""}",allocation,B/op,10,10,74452.91117353877,74472.11051042104,40.47715089036009,74376.11023939944,74472.11228769945
keys,io.github.aalsanie.boundedorigin.cli.SemanticKeyBenchmark.projectAndCanonicalize,"{""ordered"": ""false"", ""queryCase"": ""ENCODED"", ""queryDimensions"": ""1""}",average_time,us/op,10,10,2.8494572429699927,2.857550001997556,0.04137163136292367,2.79644291172167,2.9125884038594076
keys,io.github.aalsanie.boundedorigin.cli.SemanticKeyBenchmark.projectAndCanonicalize,"{""ordered"": ""false"", ""queryCase"": ""ENCODED"", ""queryDimensions"": ""1""}",allocation,B/op,10,10,10452.816616127646,10448.016756914842,15.178894604173678,10448.016307085507,10496.016507503873
keys,io.github.aalsanie.boundedorigin.cli.SemanticKeyBenchmark.projectAndCanonicalize,"{""ordered"": ""false"", ""queryCase"": ""ENCODED"", ""queryDimensions"": ""8""}",average_time,us/op,10,10,3.909934113900542,3.9017512553024423,0.04611898363145723,3.8501537954250837,3.9996062195902784
keys,io.github.aalsanie.boundedorigin.cli.SemanticKeyBenchmark.projectAndCanonicalize,"{""ordered"": ""false"", ""queryCase"": ""ENCODED"", ""queryDimensions"": ""8""}",allocation,B/op,10,10,14011.22280012308,14016.022740578692,10.119398019600187,13992.022451603289,14016.023322913334
keys,io.github.aalsanie.boundedorigin.cli.SemanticKeyBenchmark.projectAndCanonicalize,"{""ordered"": ""false"", ""queryCase"": ""ENCODED"", ""queryDimensions"": ""32""}",average_time,us/op,10,10,7.6821279951193775,7.673570449564412,0.19018159654028763,7.408633063600988,8.084731613365753
keys,io.github.aalsanie.boundedorigin.cli.SemanticKeyBenchmark.projectAndCanonicalize,"{""ordered"": ""false"", ""queryCase"": ""ENCODED"", ""queryDimensions"": ""32""}",allocation,B/op,10,10,25270.444796890173,25280.045062340294,48.265746615323174,25184.043202273897,25328.044422171923
keys,io.github.aalsanie.boundedorigin.cli.SemanticKeyBenchmark.projectAndCanonicalize,"{""ordered"": ""false"", ""queryCase"": ""ENCODED"", ""queryDimensions"": ""128""}",average_time,us/op,10,10,23.217662851311864,23.150803823385868,0.5288035219577575,22.546358257140295,24.1417244812476
keys,io.github.aalsanie.boundedorigin.cli.SemanticKeyBenchmark.projectAndCanonicalize,"{""ordered"": ""false"", ""queryCase"": ""ENCODED"", ""queryDimensions"": ""128""}",allocation,B/op,10,10,74525.73538491852,74552.13290098187,43.0072190509566,74456.13357217987,74552.14077262269
keys,io.github.aalsanie.boundedorigin.cli.SemanticKeyBenchmark.projectAndCanonicalize,"{""ordered"": ""true"", ""queryCase"": ""SELECTED"", ""queryDimensions"": ""1""}",average_time,us/op,10,10,2.825720406017277,2.8344110511111014,0.021987444274561698,2.777994065928513,2.849378306980065
keys,io.github.aalsanie.boundedorigin.cli.SemanticKeyBenchmark.projectAndCanonicalize,"{""ordered"": ""true"", ""queryCase"": ""SELECTED"", ""queryDimensions"": ""1""}",allocation,B/op,10,10,10462.416477395112,10460.016473590582,23.18622056581051,10424.016615499291,10496.016566770064
keys,io.github.aalsanie.boundedorigin.cli.SemanticKeyBenchmark.projectAndCanonicalize,"{""ordered"": ""true"", ""queryCase"": ""SELECTED"", ""queryDimensions"": ""8""}",average_time,us/op,10,10,3.707070839327491,3.717237636019028,0.062069034784089525,3.5991976015744203,3.801169544457674
keys,io.github.aalsanie.boundedorigin.cli.SemanticKeyBenchmark.projectAndCanonicalize,"{""ordered"": ""true"", ""queryCase"": ""SELECTED"", ""queryDimensions"": ""8""}",allocation,B/op,10,10,13959.221616827834,13952.021692679904,22.76837367249003,13928.021687747303,14000.021813689846
keys,io.github.aalsanie.boundedorigin.cli.SemanticKeyBenchmark.projectAndCanonicalize,"{""ordered"": ""true"", ""queryCase"": ""SELECTED"", ""queryDimensions"": ""32""}",average_time,us/op,10,10,6.4112511053788115,6.3917036847872755,0.09215480645125713,6.291750188655278,6.591696246670258
keys,io.github.aalsanie.boundedorigin.cli.SemanticKeyBenchmark.projectAndCanonicalize,"{""ordered"": ""true"", ""queryCase"": ""SELECTED"", ""queryDimensions"": ""32""}",allocation,B/op,10,10,24982.437385121804,24992.037271229805,30.358110259982126,24896.036688640463,24992.038436772484
keys,io.github.aalsanie.boundedorigin.cli.SemanticKeyBenchmark.projectAndCanonicalize,"{""ordered"": ""true"", ""queryCase"": ""SELECTED"", ""queryDimensions"": ""128""}",average_time,us/op,10,10,18.250283568163045,18.235522594023838,0.16120809322070867,18.0259519119965,18.57478867262301
keys,io.github.aalsanie.boundedorigin.cli.SemanticKeyBenchmark.projectAndCanonicalize,"{""ordered"": ""true"", ""queryCase"": ""SELECTED"", ""queryDimensions"": ""128""}",allocation,B/op,10,10,73968.10642140779,73968.10633614662,0.0009394158303821742,73968.10511411847,73968.10831383379
keys,io.github.aalsanie.boundedorigin.cli.SemanticKeyBenchmark.projectAndCanonicalize,"{""ordered"": ""true"", ""queryCase"": ""NOISE"", ""queryDimensions"": ""1""}",average_time,us/op,10,10,4.369291384179194,4.3788649725261655,0.04253020119472522,4.312824416056862,4.4547320551322604
keys,io.github.aalsanie.boundedorigin.cli.SemanticKeyBenchmark.projectAndCanonicalize,"{""ordered"": ""true"", ""queryCase"": ""NOISE"", ""queryDimensions"": ""1""}",allocation,B/op,10,10,16993.62547847741,16984.02557268864,16.78098222027373,16984.025149271594,17032.025625949867
keys,io.github.aalsanie.boundedorigin.cli.SemanticKeyBenchmark.projectAndCanonicalize,"{""ordered"": ""true"", ""queryCase"": ""NOISE"", ""queryDimensions"": ""8""}",average_time,us/op,10,10,5.369328334652481,5.362107577848185,0.0416721533005573,5.294197101409187,5.427364987775627
keys,io.github.aalsanie.boundedorigin.cli.SemanticKeyBenchmark.projectAndCanonicalize,"{""ordered"": ""true"", ""queryCase"": ""NOISE"", ""queryDimensions"": ""8""}",allocation,B/op,10,10,20450.4313099786,20448.03121623581,17.708823708733163,20424.03131130177,20496.03153911718
keys,io.github.aalsanie.boundedorigin.cli.SemanticKeyBenchmark.projectAndCanonicalize,"{""ordered"": ""true"", ""queryCase"": ""NOISE"", ""queryDimensions"": ""32""}",average_time,us/op,10,10,8.042004569345641,8.044292336487143,0.050024297585509844,7.978126951779177,8.127296272771405
keys,io.github.aalsanie.boundedorigin.cli.SemanticKeyBenchmark.projectAndCanonicalize,"{""ordered"": ""true"", ""queryCase"": ""NOISE"", ""queryDimensions"": ""32""}",allocation,B/op,10,10,31464.046894677827,31464.046906939766,0.00029152143776014914,31464.04652244341,31464.047392170512
keys,io.github.aalsanie.boundedorigin.cli.SemanticKeyBenchmark.projectAndCanonicalize,"{""ordered"": ""true"", ""queryCase"": ""NOISE"", ""queryDimensions"": ""128""}",average_time,us/op,10,10,19.55172456214046,19.535888736257064,0.12590153600515602,19.35268399923251,19.778626627294514
keys,io.github.aalsanie.boundedorigin.cli.SemanticKeyBenchmark.projectAndCanonicalize,"{""ordered"": ""true"", ""queryCase"": ""NOISE"", ""queryDimensions"": ""128""}",allocation,B/op,10,10,79896.91401070205,79912.11391880561,48.06670296834728,79760.11377582252,79912.11533352642
keys,io.github.aalsanie.boundedorigin.cli.SemanticKeyBenchmark.projectAndCanonicalize,"{""ordered"": ""true"", ""queryCase"": ""DUPLICATES"", ""queryDimensions"": ""1""}",average_time,us/op,10,10,2.9476827051854824,2.9486565752414595,0.019792171708591686,2.9079268983258686,2.97836795708399
keys,io.github.aalsanie.boundedorigin.cli.SemanticKeyBenchmark.projectAndCanonicalize,"{""ordered"": ""true"", ""queryCase"": ""DUPLICATES"", ""queryDimensions"": ""1""}",allocation,B/op,10,10,10962.417188950247,10960.017199873368,7.5894693006381795,10960.01695704994,10984.017197247498
keys,io.github.aalsanie.boundedorigin.cli.SemanticKeyBenchmark.projectAndCanonicalize,"{""ordered"": ""true"", ""queryCase"": ""DUPLICATES"", ""queryDimensions"": ""8""}",average_time,us/op,10,10,4.570609645812432,4.585718204904261,0.04209055771405135,4.514327929964559,4.6159471477183525
keys,io.github.aalsanie.boundedorigin.cli.SemanticKeyBenchmark.projectAndCanonicalize,"{""ordered"": ""true"", ""queryCase"": ""DUPLICATES"", ""queryDimensions"": ""8""}",allocation,B/op,10,10,17621.626652799237,17624.02674089757,7.589581674957251,17600.026324685372,17624.026917304513
keys,io.github.aalsanie.boundedorigin.cli.SemanticKeyBenchmark.projectAndCanonicalize,"{""ordered"": ""true"", ""queryCase"": ""DUPLICATES"", ""queryDimensions"": ""32""}",average_time,us/op,10,10,9.844620130531625,9.83025835373386,0.15550655450458983,9.642184834387326,10.080991504168745
keys,io.github.aalsanie.boundedorigin.cli.SemanticKeyBenchmark.projectAndCanonicalize,"{""ordered"": ""true"", ""queryCase"": ""DUPLICATES"", ""queryDimensions"": ""32""}",allocation,B/op,10,10,41592.85740666344,41624.05690271052,51.90742978427942,41528.0572921464,41648.05735433912
keys,io.github.aalsanie.boundedorigin.cli.SemanticKeyBenchmark.projectAndCanonicalize,"{""ordered"": ""true"", ""queryCase"": ""DUPLICATES"", ""queryDimensions"": ""128""}",average_time,us/op,10,10,32.32894157538172,32.230673629638765,0.3481684262540259,31.98516169805674,32.9491521983602
keys,io.github.aalsanie.boundedorigin.cli.SemanticKeyBenchmark.projectAndCanonicalize,"{""ordered"": ""true"", ""queryCase"": ""DUPLICATES"", ""queryDimensions"": ""128""}",allocation,B/op,10,10,138072.18851418572,138072.18761758166,11.31276226574532,138048.19213211717,138096.18811698348
keys,io.github.aalsanie.boundedorigin.cli.SemanticKeyBenchmark.projectAndCanonicalize,"{""ordered"": ""true"", ""queryCase"": ""MISSING"", ""queryDimensions"": ""1""}",average_time,us/op,10,10,2.6055871141707834,2.6044476954805744,0.025471627018529504,2.574642263404791,2.656030254901493
keys,io.github.aalsanie.boundedorigin.cli.SemanticKeyBenchmark.projectAndCanonicalize,"{""ordered"": ""true"", ""queryCase"": ""MISSING"", ""queryDimensions"": ""1""}",allocation,B/op,10,10,9612.815194033188,9608.015187417703,15.178954684799718,9608.015013606366,9656.01525640517
keys,io.github.aalsanie.boundedorigin.cli.SemanticKeyBenchmark.projectAndCanonicalize,"{""ordered"": ""true"", ""queryCase"": ""MISSING"", ""queryDimensions"": ""8""}",average_time,us/op,10,10,2.618855170422872,2.610752123209639,0.03454551738717547,2.5626353040932153,2.690948624117183
keys,io.github.aalsanie.boundedorigin.cli.SemanticKeyBenchmark.projectAndCanonicalize,"{""ordered"": ""true"", ""queryCase"": ""MISSING"", ""queryDimensions"": ""8""}",allocation,B/op,10,10,9612.81527140201,9608.015224131002,15.178965892164067,9608.014943578357,9656.015365669033
keys,io.github.aalsanie.boundedorigin.cli.SemanticKeyBenchmark.projectAndCanonicalize,"{""ordered"": ""true"", ""queryCase"": ""MISSING"", ""queryDimensions"": ""32""}",average_time,us/op,10,10,2.614256547054345,2.6041994926772327,0.031718303856656346,2.5737656946167897,2.673645472718446
keys,io.github.aalsanie.boundedorigin.cli.SemanticKeyBenchmark.projectAndCanonicalize,"{""ordered"": ""true"", ""queryCase"": ""MISSING"", ""queryDimensions"": ""32""}",allocation,B/op,10,10,9608.015244606764,9608.015185961394,0.00018488422192064428,9608.015008555461,9608.015590673303
keys,io.github.aalsanie.boundedorigin.cli.SemanticKeyBenchmark.projectAndCanonicalize,"{""ordered"": ""true"", ""queryCase"": ""MISSING"", ""queryDimensions"": ""128""}",average_time,us/op,10,10,2.6061410753494525,2.600551580327952,0.02680382427979112,2.5687203807427066,2.646787575957215
keys,io.github.aalsanie.boundedorigin.cli.SemanticKeyBenchmark.projectAndCanonicalize,"{""ordered"": ""true"", ""queryCase"": ""MISSING"", ""queryDimensions"": ""128""}",allocation,B/op,10,10,9622.415197236765,9608.015368857978,23.1861698248733,9608.01497910514,9656.015192118923
keys,io.github.aalsanie.boundedorigin.cli.SemanticKeyBenchmark.projectAndCanonicalize,"{""ordered"": ""true"", ""queryCase"": ""BARE"", ""queryDimensions"": ""1""}",average_time,us/op,10,10,2.7070710456430307,2.7075362748831684,0.018204165682483002,2.6828866277682675,2.734334177430939
keys,io.github.aalsanie.boundedorigin.cli.SemanticKeyBenchmark.projectAndCanonicalize,"{""ordered"": ""true"", ""queryCase"": ""BARE"", ""queryDimensions"": ""1""}",allocation,B/op,10,10,10159.215785836965,10152.015853858908,11.593139022153972,10152.015644820802,10176.0159448243
keys,io.github.aalsanie.boundedorigin.cli.SemanticKeyBenchmark.projectAndCanonicalize,"{""ordered"": ""true"", ""queryCase"": ""BARE"", ""queryDimensions"": ""8""}",average_time,us/op,10,10,3.1216952347164995,3.1336301143155065,0.032665670240693015,3.0649644904392557,3.1596659092263457
keys,io.github.aalsanie.boundedorigin.cli.SemanticKeyBenchmark.projectAndCanonicalize,"{""ordered"": ""true"", ""queryCase"": ""BARE"", ""queryDimensions"": ""8""}",allocation,B/op,10,10,11336.018203618158,11344.01821533298,46.494855624633814,11256.018322982152,11392.018402396885
keys,io.github.aalsanie.boundedorigin.cli.SemanticKeyBenchmark.projectAndCanonicalize,"{""ordered"": ""true"", ""queryCase"": ""BARE"", ""queryDimensions"": ""32""}",average_time,us/op,10,10,4.564782153337668,4.556238471119512,0.04471257718963552,4.51412745747844,4.641212540348437
keys,io.github.aalsanie.boundedorigin.cli.SemanticKeyBenchmark.projectAndCanonicalize,"{""ordered"": ""true"", ""queryCase"": ""BARE"", ""queryDimensions"": ""32""}",allocation,B/op,10,10,16573.62661865725,16576.026522545864,7.589320844885946,16552.027032878752,16576.027064535356
keys,io.github.aalsanie.boundedorigin.cli.SemanticKeyBenchmark.projectAndCanonicalize,"{""ordered"": ""true"", ""queryCase"": ""BARE"", ""queryDimensions"": ""128""}",average_time,us/op,10,10,10.320686567372617,10.278772301723595,0.18361028037924787,10.131171222556267,10.63825027564907
keys,io.github.aalsanie.boundedorigin.cli.SemanticKeyBenchmark.projectAndCanonicalize,"{""ordered"": ""true"", ""queryCase"": ""BARE"", ""queryDimensions"": ""128""}",allocation,B/op,10,10,37527.26018290273,37520.06135858997,11.592927076722434,37520.05907783528,37544.06029845315
keys,io.github.aalsanie.boundedorigin.cli.SemanticKeyBenchmark.projectAndCanonicalize,"{""ordered"": ""true"", ""queryCase"": ""EMPTY"", ""queryDimensions"": ""1""}",average_time,us/op,10,10,2.7518188487494055,2.7438649789189853,0.03626638731074626,2.712086926680929,2.8362161516907953
keys,io.github.aalsanie.boundedorigin.cli.SemanticKeyBenchmark.projectAndCanonicalize,"{""ordered"": ""true"", ""queryCase"": ""EMPTY"", ""queryDimensions"": ""1""}",allocation,B/op,10,10,10392.016046729404,10392.015929014233,25.29818278410188,10368.01582337215,10440.01595008138
keys,io.github.aalsanie.boundedorigin.cli.SemanticKeyBenchmark.projectAndCanonicalize,"{""ordered"": ""true"", ""queryCase"": ""EMPTY"", ""queryDimensions"": ""8""}",average_time,us/op,10,10,3.42946117612002,3.399276828901658,0.08460033391220398,3.3557033877964337,3.618863828277442
keys,io.github.aalsanie.boundedorigin.cli.SemanticKeyBenchmark.projectAndCanonicalize,"{""ordered"": ""true"", ""queryCase"": ""EMPTY"", ""queryDimensions"": ""8""}",allocation,B/op,10,10,12610.419998293008,12608.019846674208,17.708706547839824,12584.019798226655,12656.019737699282
keys,io.github.aalsanie.boundedorigin.cli.SemanticKeyBenchmark.projectAndCanonicalize,"{""ordered"": ""true"", ""queryCase"": ""EMPTY"", ""queryDimensions"": ""32""}",average_time,us/op,10,10,5.427930171248481,5.419037381466443,0.07500005196069967,5.317892373954731,5.582714600898121
keys,io.github.aalsanie.boundedorigin.cli.SemanticKeyBenchmark.projectAndCanonicalize,"{""ordered"": ""true"", ""queryCase"": ""EMPTY"", ""queryDimensions"": ""32""}",allocation,B/op,10,10,21622.431651961047,21632.031549054787,30.357548574908694,21536.03255405698,21632.032080651872
keys,io.github.aalsanie.boundedorigin.cli.SemanticKeyBenchmark.projectAndCanonicalize,"{""ordered"": ""true"", ""queryCase"": ""EMPTY"", ""queryDimensions"": ""128""}",average_time,us/op,10,10,13.9059574220075,13.859184660954647,0.15492534999099936,13.654734543052632,14.137391290196858
keys,io.github.aalsanie.boundedorigin.cli.SemanticKeyBenchmark.projectAndCanonicalize,"{""ordered"": ""true"", ""queryCase"": ""EMPTY"", ""queryDimensions"": ""128""}",allocation,B/op,10,10,58130.48108845537,58128.08115834766,7.588952211370444,58128.08043671845,58152.07962498954
keys,io.github.aalsanie.boundedorigin.cli.SemanticKeyBenchmark.projectAndCanonicalize,"{""ordered"": ""true"", ""queryCase"": ""REVERSED"", ""queryDimensions"": ""1""}",average_time,us/op,10,10,2.8074949052800124,2.8101422478927,0.05110625266875373,2.740313767819569,2.9055887124113866
keys,io.github.aalsanie.boundedorigin.cli.SemanticKeyBenchmark.projectAndCanonicalize,"{""ordered"": ""true"", ""queryCase"": ""REVERSED"", ""queryDimensions"": ""1""}",allocation,B/op,10,10,10464.816371438552,10472.01613296108,11.593110268329236,10448.01597968332,10472.016943561684
keys,io.github.aalsanie.boundedorigin.cli.SemanticKeyBenchmark.projectAndCanonicalize,"{""ordered"": ""true"", ""queryCase"": ""REVERSED"", ""queryDimensions"": ""8""}",average_time,us/op,10,10,3.6292313603190944,3.6326932945375043,0.021849976016344627,3.5960389803168002,3.6641390381004726
keys,io.github.aalsanie.boundedorigin.cli.SemanticKeyBenchmark.projectAndCanonicalize,"{""ordered"": ""true"", ""queryCase"": ""REVERSED"", ""queryDimensions"": ""8""}",allocation,B/op,10,10,13947.221163268101,13952.02112787697,10.119273359834535,13928.02107778137,13952.021366946956
keys,io.github.aalsanie.boundedorigin.cli.SemanticKeyBenchmark.projectAndCanonicalize,"{""ordered"": ""true"", ""queryCase"": ""REVERSED"", ""queryDimensions"": ""32""}",average_time,us/op,10,10,6.262787342466739,6.2527396828836785,0.07333009988661485,6.191118743112436,6.457201622953401
keys,io.github.aalsanie.boundedorigin.cli.SemanticKeyBenchmark.projectAndCanonicalize,"{""ordered"": ""true"", ""queryCase"": ""REVERSED"", ""queryDimensions"": ""32""}",allocation,B/op,10,10,24996.836520271936,24992.036461603686,15.178944540818483,24992.03610248914,25040.03655375853
keys,io.github.aalsanie.boundedorigin.cli.SemanticKeyBenchmark.projectAndCanonicalize,"{""ordered"": ""true"", ""queryCase"": ""REVERSED"", ""queryDimensions"": ""128""}",average_time,us/op,10,10,17.910351275721606,17.852241321373068,0.19077223089521653,17.726608311652264,18.311374954043423
keys,io.github.aalsanie.boundedorigin.cli.SemanticKeyBenchmark.projectAndCanonicalize,"{""ordered"": ""true"", ""queryCase"": ""REVERSED"", ""queryDimensions"": ""128""}",allocation,B/op,10,10,73951.30443974861,73968.10410072003,42.40779143772881,73872.10336770197,73992.10359212724
keys,io.github.aalsanie.boundedorigin.cli.SemanticKeyBenchmark.projectAndCanonicalize,"{""ordered"": ""true"", ""queryCase"": ""ENCODED"", ""queryDimensions"": ""1""}",average_time,us/op,10,10,2.859916848850524,2.870333945663174,0.03046862115553297,2.8081692171155423,2.9037340428104965
keys,io.github.aalsanie.boundedorigin.cli.SemanticKeyBenchmark.projectAndCanonicalize,"{""ordered"": ""true"", ""queryCase"": ""ENCODED"", ""queryDimensions"": ""1""}",allocation,B/op,10,10,10457.616677133636,10460.01656628646,16.780965219431696,10424.016470606182,10472.016932619093
keys,io.github.aalsanie.boundedorigin.cli.SemanticKeyBenchmark.projectAndCanonicalize,"{""ordered"": ""true"", ""queryCase"": ""ENCODED"", ""queryDimensions"": ""8""}",average_time,us/op,10,10,3.866207322669421,3.8610634311570697,0.04803707601979063,3.8050383463484083,3.955996610940005
keys,io.github.aalsanie.boundedorigin.cli.SemanticKeyBenchmark.projectAndCanonicalize,"{""ordered"": ""true"", ""queryCase"": ""ENCODED"", ""queryDimensions"": ""8""}",allocation,B/op,10,10,14011.22254514101,14016.022432636553,15.178920605623123,13992.022223141132,14040.022523345693
keys,io.github.aalsanie.boundedorigin.cli.SemanticKeyBenchmark.projectAndCanonicalize,"{""ordered"": ""true"", ""queryCase"": ""ENCODED"", ""queryDimensions"": ""32""}",average_time,us/op,10,10,7.1542444770906375,7.1823885653355415,0.10030353523112716,7.016326576509203,7.2994444200773305
keys,io.github.aalsanie.boundedorigin.cli.SemanticKeyBenchmark.projectAndCanonicalize,"{""ordered"": ""true"", ""queryCase"": ""ENCODED"", ""queryDimensions"": ""32""}",allocation,B/op,10,10,25057.641718693878,25072.04156740149,30.357679189366053,24976.042565614076,25072.042316391588
keys,io.github.aalsanie.boundedorigin.cli.SemanticKeyBenchmark.projectAndCanonicalize,"{""ordered"": ""true"", ""queryCase"": ""ENCODED"", ""queryDimensions"": ""128""}",average_time,us/op,10,10,21.447114306799808,21.36865333678309,0.24537077772201737,21.179478116687335,21.885555320634396
keys,io.github.aalsanie.boundedorigin.cli.SemanticKeyBenchmark.projectAndCanonicalize,"{""ordered"": ""true"", ""queryCase"": ""ENCODED"", ""queryDimensions"": ""128""}",allocation,B/op,10,10,74045.7250634359,74048.12460538514,7.589816707352478,74024.12406676012,74048.1276198354
programmatic,io.github.aalsanie.boundedorigin.cli.ProgrammaticComparisonBenchmark.configured,"{""position"": ""FIRST"", ""routeCount"": ""1""}",average_time,us/op,10,10,2.6776849627943813,2.6898095020042563,0.03745528158986842,2.605467589732868,2.7159495842783485
programmatic,io.github.aalsanie.boundedorigin.cli.ProgrammaticComparisonBenchmark.configured,"{""position"": ""FIRST"", ""routeCount"": ""1""}",allocation,B/op,10,10,9730.415614342795,9724.015465462082,109.75855334409655,9528.015559850177,9880.015497746686
programmatic,io.github.aalsanie.boundedorigin.cli.ProgrammaticComparisonBenchmark.configured,"{""position"": ""FIRST"", ""routeCount"": ""16""}",average_time,us/op,10,10,4.084537105006514,4.078043804804665,0.08976407427493163,3.948029009693111,4.240815551298422
programmatic,io.github.aalsanie.boundedorigin.cli.ProgrammaticComparisonBenchmark.configured,"{""position"": ""FIRST"", ""routeCount"": ""16""}",allocation,B/op,10,10,13127.223818127724,13144.02345854287,23.68699440250537,13080.024078314396,13144.024729522404
programmatic,io.github.aalsanie.boundedorigin.cli.ProgrammaticComparisonBenchmark.configured,"{""position"": ""FIRST"", ""routeCount"": ""128""}",average_time,us/op,10,10,13.727067209169011,13.695727934026696,0.384608227898577,13.279281017386772,14.4461792639808
programmatic,io.github.aalsanie.boundedorigin.cli.ProgrammaticComparisonBenchmark.configured,"{""position"": ""FIRST"", ""routeCount"": ""128""}",allocation,B/op,10,10,38280.08004574709,38336.081576321005,90.82356887493707,38152.08089033494,38368.0783261997
programmatic,io.github.aalsanie.boundedorigin.cli.ProgrammaticComparisonBenchmark.configured,"{""position"": ""FIRST"", ""routeCount"": ""256""}",average_time,us/op,10,10,23.80931893148865,23.80236628326493,0.48477052162484974,23.190749569035397,24.785530296886986
programmatic,io.github.aalsanie.boundedorigin.cli.ProgrammaticComparisonBenchmark.configured,"{""position"": ""FIRST"", ""routeCount"": ""256""}",allocation,B/op,10,10,66989.7388369728,67016.13631722404,42.50780225035436,66928.13694118267,67016.14452844873
programmatic,io.github.aalsanie.boundedorigin.cli.ProgrammaticComparisonBenchmark.configured,"{""position"": ""LAST"", ""routeCount"": ""1""}",average_time,us/op,10,10,2.6706908814845804,2.691186811469162,0.0595328204179326,2.563567232201447,2.7459470776928296
programmatic,io.github.aalsanie.boundedorigin.cli.ProgrammaticComparisonBenchmark.configured,"{""position"": ""LAST"", ""routeCount"": ""1""}",allocation,B/op,10,10,9720.815573502323,9696.015499994815,69.27707481049259,9648.014949018432,9832.015835108221
programmatic,io.github.aalsanie.boundedorigin.cli.ProgrammaticComparisonBenchmark.configured,"{""position"": ""LAST"", ""routeCount"": ""16""}",average_time,us/op,10,10,4.124197276201356,4.135306911183759,0.15428808589241946,3.919079833536558,4.33983705099907
programmatic,io.github.aalsanie.boundedorigin.cli.ProgrammaticComparisonBenchmark.configured,"{""position"": ""LAST"", ""routeCount"": ""16""}",allocation,B/op,10,10,13106.42404941264,13104.024923007695,50.74321057572577,12976.025307020378,13168.023364133633
programmatic,io.github.aalsanie.boundedorigin.cli.ProgrammaticComparisonBenchmark.configured,"{""position"": ""LAST"", ""routeCount"": ""128""}",average_time,us/op,10,10,13.737485274774482,13.588246322734063,0.40422113494405176,13.391254410763288,14.687536694370035
programmatic,io.github.aalsanie.boundedorigin.cli.ProgrammaticComparisonBenchmark.configured,"{""position"": ""LAST"", ""routeCount"": ""128""}",allocation,B/op,10,10,39300.08010661644,39252.08419160226,85.2700582936273,39216.07857545582,39408.07880865423
programmatic,io.github.aalsanie.boundedorigin.cli.ProgrammaticComparisonBenchmark.configured,"{""position"": ""LAST"", ""routeCount"": ""256""}",average_time,us/op,10,10,23.60386080422139,23.287667174774334,0.9439995227563878,22.421382514160673,25.444232587704068
programmatic,io.github.aalsanie.boundedorigin.cli.ProgrammaticComparisonBenchmark.configured,"{""position"": ""LAST"", ""routeCount"": ""256""}",allocation,B/op,10,10,69068.93763833729,69088.14033017737,48.61905038419937,69000.13074529516,69112.13657276829
programmatic,io.github.aalsanie.boundedorigin.cli.ProgrammaticComparisonBenchmark.configured,"{""position"": ""MISS"", ""routeCount"": ""1""}",average_time,us/op,10,10,0.09962391227663912,0.09873119194576874,0.002364733344667525,0.09656706795857875,0.10344999423602168
programmatic,io.github.aalsanie.boundedorigin.cli.ProgrammaticComparisonBenchmark.configured,"{""position"": ""MISS"", ""routeCount"": ""1""}",allocation,B/op,10,10,432.00058092844824,432.00057573099065,1.3780650535498251e-05,432.00056311247596,432.0006032460524
programmatic,io.github.aalsanie.boundedorigin.cli.ProgrammaticComparisonBenchmark.configured,"{""position"": ""MISS"", ""routeCount"": ""16""}",average_time,us/op,10,10,1.3526136732903256,1.3471840606029932,0.035377693674413666,1.2929753056193496,1.4163315099888907
programmatic,io.github.aalsanie.boundedorigin.cli.ProgrammaticComparisonBenchmark.configured,"{""position"": ""MISS"", ""routeCount"": ""16""}",allocation,B/op,10,10,3792.0078875034137,3792.0078558947257,0.00020629647031351317,3792.0075397496967,3792.0082590740813
programmatic,io.github.aalsanie.boundedorigin.cli.ProgrammaticComparisonBenchmark.configured,"{""position"": ""MISS"", ""routeCount"": ""128""}",average_time,us/op,10,10,10.349774807150236,10.302098378257384,0.2040970269416957,10.131404875546762,10.788973842578299
programmatic,io.github.aalsanie.boundedorigin.cli.ProgrammaticComparisonBenchmark.configured,"{""position"": ""MISS"", ""routeCount"": ""128""}",allocation,B/op,10,10,29908.860352116295,29904.060073971166,15.179832460370982,29904.059079412466,29952.062912626527
programmatic,io.github.aalsanie.boundedorigin.cli.ProgrammaticComparisonBenchmark.configured,"{""position"": ""MISS"", ""routeCount"": ""256""}",average_time,us/op,10,10,20.695017818651966,20.893302358208985,0.48269230454304984,19.843293594306108,21.206375637682754
programmatic,io.github.aalsanie.boundedorigin.cli.ProgrammaticComparisonBenchmark.configured,"{""position"": ""MISS"", ""routeCount"": ""256""}",allocation,B/op,10,10,59648.120677323794,59648.12183203638,0.0028150143430907965,59648.11571058376,59648.12366126986
programmatic,io.github.aalsanie.boundedorigin.cli.ProgrammaticComparisonBenchmark.programmatic,"{""position"": ""FIRST"", ""routeCount"": ""1""}",average_time,us/op,10,10,2.4378446003129355,2.429364980334811,0.0650402990432909,2.3701560556400327,2.592298027673958
programmatic,io.github.aalsanie.boundedorigin.cli.ProgrammaticComparisonBenchmark.programmatic,"{""position"": ""FIRST"", ""routeCount"": ""1""}",allocation,B/op,10,10,9244.814215573859,9192.01472522835,75.44358218547688,9192.013821189637,9352.014440618594
programmatic,io.github.aalsanie.boundedorigin.cli.ProgrammaticComparisonBenchmark.programmatic,"{""position"": ""FIRST"", ""routeCount"": ""16""}",average_time,us/op,10,10,2.72475034965285,2.725541788920955,0.045822543515285655,2.6392963273794248,2.7911039157761364
programmatic,io.github.aalsanie.boundedorigin.cli.ProgrammaticComparisonBenchmark.programmatic,"{""position"": ""FIRST"", ""routeCount"": ""16""}",allocation,B/op,10,10,9222.415888541304,9216.01584276891,29.64686926233023,9192.016275305741,9304.016174209317
programmatic,io.github.aalsanie.boundedorigin.cli.ProgrammaticComparisonBenchmark.programmatic,"{""position"": ""FIRST"", ""routeCount"": ""128""}",average_time,us/op,10,10,4.6836680077683965,4.722562512614525,0.13447933525282504,4.356166399996666,4.794915681535275
programmatic,io.github.aalsanie.boundedorigin.cli.ProgrammaticComparisonBenchmark.programmatic,"{""position"": ""FIRST"", ""routeCount"": ""128""}",allocation,B/op,10,10,9254.427311311447,9260.02749771829,56.54386548206668,9192.025401603372,9320.027501789806
programmatic,io.github.aalsanie.boundedorigin.cli.ProgrammaticComparisonBenchmark.programmatic,"{""position"": ""FIRST"", ""routeCount"": ""256""}",average_time,us/op,10,10,5.7046603473423225,5.719120056015826,0.1180702316447619,5.509578296941506,5.8809918379090345
programmatic,io.github.aalsanie.boundedorigin.cli.ProgrammaticComparisonBenchmark.programmatic,"{""position"": ""FIRST"", ""routeCount"": ""256""}",allocation,B/op,10,10,9313.633264979691,9320.033349248159,8.262902336767503,9304.032127529756,9320.034293302373
programmatic,io.github.aalsanie.boundedorigin.cli.ProgrammaticComparisonBenchmark.programmatic,"{""position"": ""LAST"", ""routeCount"": ""1""}",average_time,us/op,10,10,2.4166519650323712,2.4037488138843526,0.0373034701640903,2.3665173388747385,2.4797889083977265
programmatic,io.github.aalsanie.boundedorigin.cli.ProgrammaticComparisonBenchmark.programmatic,"{""position"": ""LAST"", ""routeCount"": ""1""}",allocation,B/op,10,10,9224.01409199852,9192.014016699992,67.46204578469758,9192.013799623835,9352.014384001608
programmatic,io.github.aalsanie.boundedorigin.cli.ProgrammaticComparisonBenchmark.programmatic,"{""position"": ""LAST"", ""routeCount"": ""16""}",average_time,us/op,10,10,2.7006596484509373,2.6933161405049795,0.029452812132544845,2.658422324649401,2.7625805814206315
programmatic,io.github.aalsanie.boundedorigin.cli.ProgrammaticComparisonBenchmark.programmatic,"{""position"": ""LAST"", ""routeCount"": ""16""}",allocation,B/op,10,10,9229.615748044325,9232.01568638416,21.014347741913966,9208.015639862539,9280.015872787697
programmatic,io.github.aalsanie.boundedorigin.cli.ProgrammaticComparisonBenchmark.programmatic,"{""position"": ""LAST"", ""routeCount"": ""128""}",average_time,us/op,10,10,4.8242136857431905,4.835714707866998,0.08136419543684942,4.691808356605124,4.985626124033822
programmatic,io.github.aalsanie.boundedorigin.cli.ProgrammaticComparisonBenchmark.programmatic,"{""position"": ""LAST"", ""routeCount"": ""128""}",allocation,B/op,10,10,9320.028130867831,9320.028198189546,0.00047425745194573204,9320.027359059764,9320.029071823481
programmatic,io.github.aalsanie.boundedorigin.cli.ProgrammaticComparisonBenchmark.programmatic,"{""position"": ""LAST"", ""routeCount"": ""256""}",average_time,us/op,10,10,5.991122708760484,5.854018305564126,0.3398096194998139,5.680024549933042,6.6385648399616475
programmatic,io.github.aalsanie.boundedorigin.cli.ProgrammaticComparisonBenchmark.programmatic,"{""position"": ""LAST"", ""routeCount"": ""256""}",allocation,B/op,10,10,9326.434935395906,9320.03431164705,8.263553813758666,9320.033681506751,9336.038710817114
programmatic,io.github.aalsanie.boundedorigin.cli.ProgrammaticComparisonBenchmark.programmatic,"{""position"": ""MISS"", ""routeCount"": ""1""}",average_time,us/op,10,10,0.038229709192007535,0.0382452678283408,0.0006076434075650341,0.036868741926783355,0.0393414784329018
programmatic,io.github.aalsanie.boundedorigin.cli.ProgrammaticComparisonBenchmark.programmatic,"{""position"": ""MISS"", ""routeCount"": ""1""}",allocation,B/op,10,10,280.00022292475893,280.00022301589104,3.5425095892008852e-06,280.00021499091645,280.0002294060372
programmatic,io.github.aalsanie.boundedorigin.cli.ProgrammaticComparisonBenchmark.programmatic,"{""position"": ""MISS"", ""routeCount"": ""16""}",average_time,us/op,10,10,0.23854955360489574,0.23840394499152004,0.0022085794647879204,0.2359830874533196,0.2432806719305048
programmatic,io.github.aalsanie.boundedorigin.cli.ProgrammaticComparisonBenchmark.programmatic,"{""position"": ""MISS"", ""routeCount"": ""16""}",allocation,B/op,10,10,208.00139103312762,208.00139018702873,1.2881893971918992e-05,208.00137606991225,208.00141862770985
programmatic,io.github.aalsanie.boundedorigin.cli.ProgrammaticComparisonBenchmark.programmatic,"{""position"": ""MISS"", ""routeCount"": ""128""}",average_time,us/op,10,10,1.4781840905056676,1.5387336487275942,0.16280598958502698,1.2488179321750867,1.6227202187646685
programmatic,io.github.aalsanie.boundedorigin.cli.ProgrammaticComparisonBenchmark.programmatic,"{""position"": ""MISS"", ""routeCount"": ""128""}",allocation,B/op,10,10,208.00861588977472,208.00897268916646,0.0009461954038054233,208.00728215497557,208.00946241683906
programmatic,io.github.aalsanie.boundedorigin.cli.ProgrammaticComparisonBenchmark.programmatic,"{""position"": ""MISS"", ""routeCount"": ""256""}",average_time,us/op,10,10,3.2744847585800247,3.3419901309085134,0.16438700150314828,2.9351779522323564,3.3989835214516604
programmatic,io.github.aalsanie.boundedorigin.cli.ProgrammaticComparisonBenchmark.programmatic,"{""position"": ""MISS"", ""routeCount"": ""256""}",allocation,B/op,10,10,208.01900163078002,208.0193760826093,0.0009442431465061886,208.01704960954703,208.01970548662302
