cell,mode,phase,metric,repetitions,available_repetitions,mean,median,stdev,min,max
denied,bounded,cold,offered,10,10,64,64.0,0.0,64,64
denied,bounded,cold,attempted,10,10,64,64.0,0.0,64,64
denied,bounded,cold,completed_http,10,10,64,64.0,0.0,64,64
denied,bounded,cold,request_errors,10,10,0,0.0,0.0,0,0
denied,bounded,cold,client_drops,10,10,0,0.0,0.0,0,0
denied,bounded,cold,origin_executions,10,10,0,0.0,0.0,0,0
denied,bounded,cold,origin_peak,10,10,0,0.0,0.0,0,0
denied,bounded,cold,origin_cpu_s_per_1000_attempted,10,10,0.03125,0.0,0.06588078458684124,0.0,0.15625
denied,bounded,cold,origin_cpu_s_per_1000_successful,10,0,,,,,
denied,bounded,cold,origin_compute_cpu_s_per_1000_attempted,10,10,0.0,0.0,0.0,0.0,0.0
denied,bounded,cold,origin_work_amplification,10,10,0.0,0.0,0.0,0.0,0.0
denied,bounded,cold,completed_http_per_second,10,10,282.24553658410014,283.23052810925833,38.77857965451513,214.6670064934824,347.1948131959266
denied,bounded,cold,successful_200_per_second,10,10,0.0,0.0,0.0,0.0,0.0
denied,bounded,cold,gateway_cpu_s,10,10,0.20500000000000002,0.19,0.03205897343611891,0.17,0.28
denied,bounded,cold,driver_cpu_s,10,10,0.02574415,0.025036299999999997,0.0033525875235074437,0.0227333,0.0340749
denied,bounded,cold,gateway_rss_sampled_peak_bytes,10,10,93122969.6,92958720.0,1877650.0143082635,90906624,96190464
denied,bounded,cold,queue_sampled_peak,10,10,0.0,0.0,0.0,0.0,0.0
denied,bounded,cold,artifact_hits,10,10,0.0,0.0,0.0,0.0,0.0
denied,bounded,cold,single_flight_joins,10,10,0.0,0.0,0.0,0.0,0.0
denied,bounded,cold,aggregate_gateway_rejections,10,10,0.0,0.0,0.0,0.0,0.0
denied,bounded,cold,pool_rejections,10,10,0.0,0.0,0.0,0.0,0.0
denied,bounded,cold,response_body_bytes,10,10,960,960.0,0.0,960,960
denied,bounded,cold,bytes_stored,10,10,0.0,0.0,0.0,0.0,0.0
denied,bounded,cold,scheduler_lag_p99_ms,10,0,,,,,
denied,bounded,cold,latency_p50_ms,10,10,53.1509591,51.773381,9.558467126869807,42.65575,70.94877
denied,bounded,cold,latency_p95_ms,10,10,87.2341426,90.875883,13.057066540981284,68.439013,105.365121
denied,bounded,cold,latency_p99_ms,10,10,109.5691218,103.05640199999999,21.82648186124929,72.517237,134.552586
denied,bounded,cold,http_403,10,10,64,64.0,0.0,64,64
denied,bounded,cold,http_403_latency_p50_ms,10,10,53.1509591,51.773381,9.558467126869807,42.65575,70.94877
denied,bounded,cold,http_403_latency_p95_ms,10,10,87.2341426,90.875883,13.057066540981284,68.439013,105.365121
denied,bounded,cold,http_403_latency_p99_ms,10,10,109.5691218,103.05640199999999,21.82648186124929,72.517237,134.552586
denied,direct,cold,offered,10,10,64,64.0,0.0,64,64
denied,direct,cold,attempted,10,10,64,64.0,0.0,64,64
denied,direct,cold,completed_http,10,10,64,64.0,0.0,64,64
denied,direct,cold,request_errors,10,10,0,0.0,0.0,0,0
denied,direct,cold,client_drops,10,10,0,0.0,0.0,0,0
denied,direct,cold,origin_executions,10,10,64,64.0,0.0,64,64
denied,direct,cold,origin_peak,10,10,13.4,13.5,1.505545305418162,11,16
denied,direct,cold,origin_cpu_s_per_1000_attempted,10,10,13.390625,13.28125,0.5105760805480196,12.96875,14.6875
denied,direct,cold,origin_cpu_s_per_1000_successful,10,10,13.390625,13.28125,0.5105760805480196,12.96875,14.6875
denied,direct,cold,origin_compute_cpu_s_per_1000_attempted,10,10,11.40214578125,11.34597734375,0.14369171609426767,11.3157296875,11.7876
denied,direct,cold,origin_work_amplification,10,10,1.0,1.0,0.0,1.0,1.0
denied,direct,cold,completed_http_per_second,10,10,75.02370087453455,75.81299194858936,2.1453075003854996,69.6200270440518,76.77778198402724
denied,direct,cold,successful_200_per_second,10,10,75.02370087453455,75.81299194858936,2.1453075003854996,69.6200270440518,76.77778198402724
denied,direct,cold,gateway_cpu_s,10,0,,,,,
denied,direct,cold,driver_cpu_s,10,10,0.02847257,0.027631,0.0033088044366675873,0.0257199,0.0356237
denied,direct,cold,gateway_rss_sampled_peak_bytes,10,0,,,,,
denied,direct,cold,queue_sampled_peak,10,0,,,,,
denied,direct,cold,artifact_hits,10,0,,,,,
denied,direct,cold,single_flight_joins,10,0,,,,,
denied,direct,cold,aggregate_gateway_rejections,10,0,,,,,
denied,direct,cold,pool_rejections,10,0,,,,,
denied,direct,cold,response_body_bytes,10,10,262144,262144.0,0.0,262144,262144
denied,direct,cold,bytes_stored,10,0,,,,,
denied,direct,cold,scheduler_lag_p99_ms,10,0,,,,,
denied,direct,cold,latency_p50_ms,10,10,210.6833672,207.0303465,12.240192874687054,199.069984,237.936265
denied,direct,cold,latency_p95_ms,10,10,337.0609582,334.40993100000003,20.8402929162143,305.964192,368.488174
denied,direct,cold,latency_p99_ms,10,10,392.8817355,386.85301949999996,36.1612321676724,353.656469,463.049962
denied,direct,cold,http_200,10,10,64,64.0,0.0,64,64
denied,direct,cold,http_200_latency_p50_ms,10,10,210.6833672,207.0303465,12.240192874687054,199.069984,237.936265
denied,direct,cold,http_200_latency_p95_ms,10,10,337.0609582,334.40993100000003,20.8402929162143,305.964192,368.488174
denied,direct,cold,http_200_latency_p99_ms,10,10,392.8817355,386.85301949999996,36.1612321676724,353.656469,463.049962
denied,materialize,cold,offered,10,10,64,64.0,0.0,64,64
denied,materialize,cold,attempted,10,10,64,64.0,0.0,64,64
denied,materialize,cold,completed_http,10,10,64,64.0,0.0,64,64
denied,materialize,cold,request_errors,10,10,0,0.0,0.0,0,0
denied,materialize,cold,client_drops,10,10,0,0.0,0.0,0,0
denied,materialize,cold,origin_executions,10,10,0,0.0,0.0,0,0
denied,materialize,cold,origin_peak,10,10,0,0.0,0.0,0,0
denied,materialize,cold,origin_cpu_s_per_1000_attempted,10,10,0.015625,0.0,0.04941058844013093,0.0,0.15625
denied,materialize,cold,origin_cpu_s_per_1000_successful,10,0,,,,,
denied,materialize,cold,origin_compute_cpu_s_per_1000_attempted,10,10,0.0,0.0,0.0,0.0,0.0
denied,materialize,cold,origin_work_amplification,10,10,0.0,0.0,0.0,0.0,0.0
denied,materialize,cold,completed_http_per_second,10,10,289.48055949072136,283.768089994237,24.876433746988994,256.7079574196265,333.9689144447932
denied,materialize,cold,successful_200_per_second,10,10,0.0,0.0,0.0,0.0,0.0
denied,materialize,cold,gateway_cpu_s,10,10,0.195,0.2,0.012692955176439844,0.17,0.21
denied,materialize,cold,driver_cpu_s,10,10,0.02443153,0.024482999999999998,0.00144704140925929,0.0221686,0.0269169
denied,materialize,cold,gateway_rss_sampled_peak_bytes,10,10,97177190.4,97366016.0,2088138.3628598305,94658560,101154816
denied,materialize,cold,queue_sampled_peak,10,10,0.0,0.0,0.0,0.0,0.0
denied,materialize,cold,artifact_hits,10,10,0.0,0.0,0.0,0.0,0.0
denied,materialize,cold,single_flight_joins,10,10,0.0,0.0,0.0,0.0,0.0
denied,materialize,cold,aggregate_gateway_rejections,10,10,0.0,0.0,0.0,0.0,0.0
denied,materialize,cold,pool_rejections,10,10,0.0,0.0,0.0,0.0,0.0
denied,materialize,cold,response_body_bytes,10,10,960,960.0,0.0,960,960
denied,materialize,cold,bytes_stored,10,10,0.0,0.0,0.0,0.0,0.0
denied,materialize,cold,scheduler_lag_p99_ms,10,0,,,,,
denied,materialize,cold,latency_p50_ms,10,10,48.9590895,47.4638115,3.8507871948474013,43.867424,55.099283
denied,materialize,cold,latency_p95_ms,10,10,85.4332954,86.5060495,17.00050952689252,62.508551,109.898291
denied,materialize,cold,latency_p99_ms,10,10,97.9900689,98.340048,19.6908963190693,68.938241,126.26039
denied,materialize,cold,http_403,10,10,64,64.0,0.0,64,64
denied,materialize,cold,http_403_latency_p50_ms,10,10,48.9590895,47.4638115,3.8507871948474013,43.867424,55.099283
denied,materialize,cold,http_403_latency_p95_ms,10,10,85.4332954,86.5060495,17.00050952689252,62.508551,109.898291
denied,materialize,cold,http_403_latency_p99_ms,10,10,97.9900689,98.340048,19.6908963190693,68.938241,126.26039
failure,bounded,cold,offered,10,10,64,64.0,0.0,64,64
failure,bounded,cold,attempted,10,10,64,64.0,0.0,64,64
failure,bounded,cold,completed_http,10,10,64,64.0,0.0,64,64
failure,bounded,cold,request_errors,10,10,0,0.0,0.0,0,0
failure,bounded,cold,client_drops,10,10,0,0.0,0.0,0,0
failure,bounded,cold,origin_executions,10,10,16.6,16.0,0.8432740427115678,16,18
failure,bounded,cold,origin_peak,10,10,1.5,1.5,0.5270462766947299,1,2
failure,bounded,cold,origin_cpu_s_per_1000_attempted,10,10,3.484375,3.515625,0.19557274328665195,3.28125,3.75
failure,bounded,cold,origin_cpu_s_per_1000_successful,10,0,,,,,
failure,bounded,cold,origin_compute_cpu_s_per_1000_attempted,10,10,2.94771875,2.8583640624999997,0.14504782082306797,2.8324046875,3.1977453125
failure,bounded,cold,origin_work_amplification,10,10,0.259375,0.25,0.013176156917368247,0.25,0.28125
failure,bounded,cold,completed_http_per_second,10,10,97.84151246903922,96.79453150824354,3.3908549088098057,92.1304074477922,104.23638662611329
failure,bounded,cold,successful_200_per_second,10,10,0.0,0.0,0.0,0.0,0.0
failure,bounded,cold,gateway_cpu_s,10,10,0.361,0.36,0.0128668393770792,0.35,0.39
failure,bounded,cold,driver_cpu_s,10,10,0.02901082,0.029012700000000002,0.000993212213868607,0.0272315,0.0303216
failure,bounded,cold,gateway_rss_sampled_peak_bytes,10,10,95658803.2,94722048.0,1564499.0005582406,94351360,98996224
failure,bounded,cold,queue_sampled_peak,10,10,8.0,8.0,0.0,8.0,8.0
failure,bounded,cold,artifact_hits,10,10,0.0,0.0,0.0,0.0,0.0
failure,bounded,cold,single_flight_joins,10,10,0.0,0.0,0.0,0.0,0.0
failure,bounded,cold,aggregate_gateway_rejections,10,10,47.4,48.0,0.8432740427115678,46.0,48.0
failure,bounded,cold,pool_rejections,10,10,0.0,0.0,0.0,0.0,0.0
failure,bounded,cold,response_body_bytes,10,10,69320.8,66880.0,3430.438805750658,66880,75016
failure,bounded,cold,bytes_stored,10,10,0.0,0.0,0.0,0.0,0.0
failure,bounded,cold,scheduler_lag_p99_ms,10,0,,,,,
failure,bounded,cold,latency_p50_ms,10,10,40.6590646,41.946995,6.467254488713948,29.241724,48.032599
failure,bounded,cold,latency_p95_ms,10,10,387.7627978,380.62774349999995,16.950977765976457,369.670127,419.333363
failure,bounded,cold,latency_p99_ms,10,10,434.4802442,431.130891,26.56555819436946,405.719864,501.670012
failure,bounded,cold,http_500,10,10,16.6,16.0,0.8432740427115678,16,18
failure,bounded,cold,http_500_latency_p50_ms,10,10,327.1736377,336.418053,29.269244848870102,282.03708,362.073354
failure,bounded,cold,http_500_latency_p95_ms,10,10,434.4802442,431.130891,26.56555819436946,405.719864,501.670012
failure,bounded,cold,http_500_latency_p99_ms,10,10,434.4802442,431.130891,26.56555819436946,405.719864,501.670012
failure,bounded,cold,http_503,10,10,47.4,48.0,0.8432740427115678,46,48
failure,bounded,cold,http_503_latency_p50_ms,10,10,32.5091473,33.250326,5.930392232681861,22.622731,40.255442
failure,bounded,cold,http_503_latency_p95_ms,10,10,86.6801799,85.838115,12.544158458185949,68.688362,103.765
failure,bounded,cold,http_503_latency_p99_ms,10,10,102.5126508,102.709551,15.346089384998455,83.91909,133.548492
failure,direct,cold,offered,10,10,64,64.0,0.0,64,64
failure,direct,cold,attempted,10,10,64,64.0,0.0,64,64
failure,direct,cold,completed_http,10,10,64,64.0,0.0,64,64
failure,direct,cold,request_errors,10,10,0,0.0,0.0,0,0
failure,direct,cold,client_drops,10,10,0,0.0,0.0,0,0
failure,direct,cold,origin_executions,10,10,64,64.0,0.0,64,64
failure,direct,cold,origin_peak,10,10,14,14.5,1.3333333333333333,11,15
failure,direct,cold,origin_cpu_s_per_1000_attempted,10,10,13.109375,13.125,0.1368117243392052,12.96875,13.4375
failure,direct,cold,origin_cpu_s_per_1000_successful,10,0,,,,,
failure,direct,cold,origin_compute_cpu_s_per_1000_attempted,10,10,11.2964,11.2897484375,0.06260752277557895,11.2324171875,11.4381
failure,direct,cold,origin_work_amplification,10,10,1.0,1.0,0.0,1.0,1.0
failure,direct,cold,completed_http_per_second,10,10,76.61809838292797,76.70926587716738,0.7519689217212535,74.94224959028867,77.52275738079335
failure,direct,cold,successful_200_per_second,10,10,0.0,0.0,0.0,0.0,0.0
failure,direct,cold,gateway_cpu_s,10,0,,,,,
failure,direct,cold,driver_cpu_s,10,10,0.026237530000000002,0.02670425,0.0012972419769564116,0.0240991,0.0277566
failure,direct,cold,gateway_rss_sampled_peak_bytes,10,0,,,,,
failure,direct,cold,queue_sampled_peak,10,0,,,,,
failure,direct,cold,artifact_hits,10,0,,,,,
failure,direct,cold,single_flight_joins,10,0,,,,,
failure,direct,cold,aggregate_gateway_rejections,10,0,,,,,
failure,direct,cold,pool_rejections,10,0,,,,,
failure,direct,cold,response_body_bytes,10,10,262144,262144.0,0.0,262144,262144
failure,direct,cold,bytes_stored,10,0,,,,,
failure,direct,cold,scheduler_lag_p99_ms,10,0,,,,,
failure,direct,cold,latency_p50_ms,10,10,194.0941395,195.0652645,8.316198720770233,175.213582,203.9715
failure,direct,cold,latency_p95_ms,10,10,344.9936411,349.1571255,17.37435497276244,308.674644,367.535036
failure,direct,cold,latency_p99_ms,10,10,399.5674064,391.2587385,30.141453084867837,367.456466,461.29776
failure,direct,cold,http_500,10,10,64,64.0,0.0,64,64
failure,direct,cold,http_500_latency_p50_ms,10,10,194.0941395,195.0652645,8.316198720770233,175.213582,203.9715
failure,direct,cold,http_500_latency_p95_ms,10,10,344.9936411,349.1571255,17.37435497276244,308.674644,367.535036
failure,direct,cold,http_500_latency_p99_ms,10,10,399.5674064,391.2587385,30.141453084867837,367.456466,461.29776
failure,materialize,cold,offered,10,10,64,64.0,0.0,64,64
failure,materialize,cold,attempted,10,10,64,64.0,0.0,64,64
failure,materialize,cold,completed_http,10,10,64,64.0,0.0,64,64
failure,materialize,cold,request_errors,10,10,0,0.0,0.0,0,0
failure,materialize,cold,client_drops,10,10,0,0.0,0.0,0,0
failure,materialize,cold,origin_executions,10,10,17.6,17.0,1.3498971154211057,16,20
failure,materialize,cold,origin_peak,10,10,1.2,1.0,0.4216370213557839,1,2
failure,materialize,cold,origin_cpu_s_per_1000_attempted,10,10,3.65625,3.59375,0.29646353064078557,3.28125,4.21875
failure,materialize,cold,origin_cpu_s_per_1000_successful,10,0,,,,,
failure,materialize,cold,origin_compute_cpu_s_per_1000_attempted,10,10,3.1293784375,3.03534765625,0.2395112396498749,2.8367625,3.540159375
failure,materialize,cold,origin_work_amplification,10,10,0.275,0.265625,0.021092142428454776,0.25,0.3125
failure,materialize,cold,completed_http_per_second,10,10,97.59848280453507,98.96030681377013,6.716030653401864,86.19192929533823,107.16731933936337
failure,materialize,cold,successful_200_per_second,10,10,0.0,0.0,0.0,0.0,0.0
failure,materialize,cold,gateway_cpu_s,10,10,0.424,0.425,0.024585451886114364,0.39,0.46
failure,materialize,cold,driver_cpu_s,10,10,0.03006958,0.02999945,0.0010942436909167487,0.0286109,0.0319053
failure,materialize,cold,gateway_rss_sampled_peak_bytes,10,10,105807462.4,104480768.0,2413912.769831641,103759872,110063616
failure,materialize,cold,queue_sampled_peak,10,10,8.0,8.0,0.0,8.0,8.0
failure,materialize,cold,artifact_hits,10,10,0.0,0.0,0.0,0.0,0.0
failure,materialize,cold,single_flight_joins,10,10,0.0,0.0,0.0,0.0,0.0
failure,materialize,cold,aggregate_gateway_rejections,10,10,46.4,47.0,1.3498971154211057,44.0,48.0
failure,materialize,cold,pool_rejections,10,10,0.0,0.0,0.0,0.0,0.0
failure,materialize,cold,response_body_bytes,10,10,73388.8,70948.0,5491.381465533058,66880,83152
failure,materialize,cold,bytes_stored,10,10,72089.6,69632.0,5529.178584764849,65536.0,81920.0
failure,materialize,cold,scheduler_lag_p99_ms,10,0,,,,,
failure,materialize,cold,latency_p50_ms,10,10,44.4668014,40.4496985,7.88052785384231,35.99146,56.650341
failure,materialize,cold,latency_p95_ms,10,10,386.7418403,383.30702299999996,35.69381722829363,316.789906,459.249926
failure,materialize,cold,latency_p99_ms,10,10,438.28877669999997,443.37325799999996,41.305222253387015,359.3248,487.286869
failure,materialize,cold,http_500,10,10,17.6,17.0,1.3498971154211057,16,20
failure,materialize,cold,http_500_latency_p50_ms,10,10,332.8415322,326.40974,20.965984642997448,295.830614,359.996271
failure,materialize,cold,http_500_latency_p95_ms,10,10,435.62860009999997,443.37325799999996,47.367526955250995,332.723034,487.286869
failure,materialize,cold,http_500_latency_p99_ms,10,10,438.28877669999997,443.37325799999996,41.305222253387015,359.3248,487.286869
failure,materialize,cold,http_503,10,10,46.4,47.0,1.3498971154211057,44,48
failure,materialize,cold,http_503_latency_p50_ms,10,10,34.1244277,31.381139,7.232099844342076,25.776583,49.047848
failure,materialize,cold,http_503_latency_p95_ms,10,10,92.6221596,91.364802,15.193878888278897,73.943641,122.175599
failure,materialize,cold,http_503_latency_p99_ms,10,10,106.4762497,100.7907225,24.571094824793782,76.809,160.103891
large,bounded,cold,offered,10,10,64,64.0,0.0,64,64
large,bounded,cold,attempted,10,10,64,64.0,0.0,64,64
large,bounded,cold,completed_http,10,10,64,64.0,0.0,64,64
large,bounded,cold,request_errors,10,10,0,0.0,0.0,0,0
large,bounded,cold,client_drops,10,10,0,0.0,0.0,0,0
large,bounded,cold,origin_executions,10,10,34.5,34.0,5.6421036266035856,28,46
large,bounded,cold,origin_peak,10,10,2,2.0,0.0,2,2
large,bounded,cold,origin_cpu_s_per_1000_attempted,10,10,8.75,8.59375,1.4564720264697462,7.03125,11.875
large,bounded,cold,origin_cpu_s_per_1000_successful,10,10,16.23244199140593,16.386946386946384,0.3492359261299791,15.555555555555555,16.571428571428573
large,bounded,cold,origin_compute_cpu_s_per_1000_attempted,10,10,6.99106171875,6.9138976562500005,1.1357942392781615,5.6619984375,9.290515625
large,bounded,cold,origin_work_amplification,10,10,0.5390625,0.53125,0.08815786916568102,0.4375,0.71875
large,bounded,cold,completed_http_per_second,10,10,73.21302380314134,72.65168609122131,9.383020540570264,53.74607063947174,86.47463922719712
large,bounded,cold,successful_200_per_second,10,10,38.74700935879201,38.53607479966314,1.9261139626124502,34.64889602337157,42.007146008057816
large,bounded,cold,gateway_cpu_s,10,10,0.877,0.89,0.12018966492821066,0.73,1.14
large,bounded,cold,driver_cpu_s,10,10,0.11380279,0.10917435,0.016711947853653153,0.0930327,0.1531004
large,bounded,cold,gateway_rss_sampled_peak_bytes,10,10,249092096,252915712.0,14539867.473071104,217010176,264929280
large,bounded,cold,queue_sampled_peak,10,10,8.0,8.0,0.0,8.0,8.0
large,bounded,cold,artifact_hits,10,10,0.0,0.0,0.0,0.0,0.0
large,bounded,cold,single_flight_joins,10,10,0.0,0.0,0.0,0.0,0.0
large,bounded,cold,aggregate_gateway_rejections,10,10,29.5,30.0,5.6421036266035856,18.0,36.0
large,bounded,cold,pool_rejections,10,10,0.0,0.0,0.0,0.0,0.0
large,bounded,cold,response_body_bytes,10,10,36176698,35652424.0,5916016.473467937,29361136,48235000
large,bounded,cold,bytes_stored,10,10,0.0,0.0,0.0,0.0,0.0
large,bounded,cold,scheduler_lag_p99_ms,10,0,,,,,
large,bounded,cold,latency_p50_ms,10,10,167.2887375,168.1975145,62.63133007358031,73.139813,276.287693
large,bounded,cold,latency_p95_ms,10,10,397.5306781,395.8611905,17.72594784341708,370.243706,424.843876
large,bounded,cold,latency_p99_ms,10,10,466.42565179999997,451.582606,70.41328158705966,410.081534,656.891132
large,bounded,cold,http_200,10,10,34.5,34.0,5.6421036266035856,28,46
large,bounded,cold,http_200_latency_p50_ms,10,10,297.2431731,293.224341,17.200255627811398,277.047625,337.270175
large,bounded,cold,http_200_latency_p95_ms,10,10,423.8370544,423.412465,23.609617390753478,376.252299,455.093458
large,bounded,cold,http_200_latency_p99_ms,10,10,466.42565179999997,451.582606,70.41328158705966,410.081534,656.891132
large,bounded,cold,http_503,10,10,29.5,30.0,5.6421036266035856,18,36
large,bounded,cold,http_503_latency_p50_ms,10,10,53.4148836,47.520033,11.395059321636815,39.273157,74.004361
large,bounded,cold,http_503_latency_p95_ms,10,10,128.2456712,127.6694555,17.629750380002612,94.388845,150.362905
large,bounded,cold,http_503_latency_p99_ms,10,10,146.5991118,146.4919895,21.556776981654483,111.637511,175.706766
large,direct,cold,offered,10,10,64,64.0,0.0,64,64
large,direct,cold,attempted,10,10,64,64.0,0.0,64,64
large,direct,cold,completed_http,10,10,64,64.0,0.0,64,64
large,direct,cold,request_errors,10,10,0,0.0,0.0,0,0
large,direct,cold,client_drops,10,10,0,0.0,0.0,0,0
large,direct,cold,origin_executions,10,10,64,64.0,0.0,64,64
large,direct,cold,origin_peak,10,10,14.9,15.0,1.1972189997378648,12,16
large,direct,cold,origin_cpu_s_per_1000_attempted,10,10,16.765625,16.71875,0.2950878223794853,16.40625,17.1875
large,direct,cold,origin_cpu_s_per_1000_successful,10,10,16.765625,16.71875,0.2950878223794853,16.40625,17.1875
large,direct,cold,origin_compute_cpu_s_per_1000_attempted,10,10,12.88479171875,12.896571093750001,0.06851820157027375,12.7818796875,13.017234375
large,direct,cold,origin_work_amplification,10,10,1.0,1.0,0.0,1.0,1.0
large,direct,cold,completed_http_per_second,10,10,59.592683437276044,59.78683734611053,0.9452226627216251,58.05109703276062,61.009287685041635
large,direct,cold,successful_200_per_second,10,10,59.592683437276044,59.78683734611053,0.9452226627216251,58.05109703276062,61.009287685041635
large,direct,cold,gateway_cpu_s,10,0,,,,,
large,direct,cold,driver_cpu_s,10,10,0.08319071,0.08325405,0.0005039506511334012,0.0824211,0.0840118
large,direct,cold,gateway_rss_sampled_peak_bytes,10,0,,,,,
large,direct,cold,queue_sampled_peak,10,0,,,,,
large,direct,cold,artifact_hits,10,0,,,,,
large,direct,cold,single_flight_joins,10,0,,,,,
large,direct,cold,aggregate_gateway_rejections,10,0,,,,,
large,direct,cold,pool_rejections,10,0,,,,,
large,direct,cold,response_body_bytes,10,10,67108864,67108864.0,0.0,67108864,67108864
large,direct,cold,bytes_stored,10,0,,,,,
large,direct,cold,scheduler_lag_p99_ms,10,0,,,,,
large,direct,cold,latency_p50_ms,10,10,238.0355146,236.52016300000003,13.829728187957674,215.172485,259.783734
large,direct,cold,latency_p95_ms,10,10,443.5573364,453.60339050000005,43.08601520541339,367.414678,494.008924
large,direct,cold,latency_p99_ms,10,10,618.7834895,623.761506,61.09757469639193,520.924494,704.254687
large,direct,cold,http_200,10,10,64,64.0,0.0,64,64
large,direct,cold,http_200_latency_p50_ms,10,10,238.0355146,236.52016300000003,13.829728187957674,215.172485,259.783734
large,direct,cold,http_200_latency_p95_ms,10,10,443.5573364,453.60339050000005,43.08601520541339,367.414678,494.008924
large,direct,cold,http_200_latency_p99_ms,10,10,618.7834895,623.761506,61.09757469639193,520.924494,704.254687
large,materialize,cold,offered,10,10,64,64.0,0.0,64,64
large,materialize,cold,attempted,10,10,64,64.0,0.0,64,64
large,materialize,cold,completed_http,10,10,64,64.0,0.0,64,64
large,materialize,cold,request_errors,10,10,0,0.0,0.0,0,0
large,materialize,cold,client_drops,10,10,0,0.0,0.0,0,0
large,materialize,cold,origin_executions,10,10,20.6,20.0,3.4058772731852804,17,28
large,materialize,cold,origin_peak,10,10,2,2.0,0.0,2,2
large,materialize,cold,origin_cpu_s_per_1000_attempted,10,10,5.203125,5.078125,0.9992673097074676,4.0625,7.34375
large,materialize,cold,origin_cpu_s_per_1000_successful,10,10,16.10683304595675,16.138716356107658,0.6013186512546089,15.294117647058824,17.142857142857142
large,materialize,cold,origin_compute_cpu_s_per_1000_attempted,10,10,4.186071875,4.06255078125,0.7189420132189457,3.4335,5.76604375
large,materialize,cold,origin_work_amplification,10,10,0.321875,0.3125,0.05321683239352001,0.265625,0.4375
large,materialize,cold,completed_http_per_second,10,10,78.46556152664796,77.20207769007402,9.599587207054448,64.09485082909428,91.95729130390085
large,materialize,cold,successful_200_per_second,10,10,24.86028308582534,24.54824342917889,1.874589976054004,22.480684290962206,28.04149723772875
large,materialize,cold,gateway_cpu_s,10,10,0.819,0.825,0.09757618106439252,0.69,0.99
large,materialize,cold,driver_cpu_s,10,10,0.08549204,0.08103835000000001,0.012838444765469064,0.0717874,0.1108741
large,materialize,cold,gateway_rss_sampled_peak_bytes,10,10,220998041.6,218966016.0,17570121.229672372,196882432,260431872
large,materialize,cold,queue_sampled_peak,10,10,8.0,8.0,0.0,8.0,8.0
large,materialize,cold,artifact_hits,10,10,0.0,0.0,0.0,0.0,0.0
large,materialize,cold,single_flight_joins,10,10,0.0,0.0,0.0,0.0,0.0
large,materialize,cold,aggregate_gateway_rejections,10,10,43.4,44.0,3.4058772731852804,36.0,47.0
large,materialize,cold,pool_rejections,10,10,0.0,0.0,0.0,0.0,0.0
large,materialize,cold,response_body_bytes,10,10,21601880.8,20972752.0,3571225.803043879,17827108,29361136
large,materialize,cold,bytes_stored,10,10,21600665.6,20971520.0,3571321.1676075286,17825792.0,29360128.0
large,materialize,cold,scheduler_lag_p99_ms,10,0,,,,,
large,materialize,cold,latency_p50_ms,10,10,64.1472157,57.063685500000005,19.743107225133492,43.581315,102.340355
large,materialize,cold,latency_p95_ms,10,10,472.8953484,463.46232999999995,32.30969734684752,433.588061,536.609582
large,materialize,cold,latency_p99_ms,10,10,541.6378058,539.856757,40.04108131550312,492.552387,623.037529
large,materialize,cold,http_200,10,10,20.6,20.0,3.4058772731852804,17,28
large,materialize,cold,http_200_latency_p50_ms,10,10,383.9403777,389.2799725,22.328029720183572,345.236997,425.008853
large,materialize,cold,http_200_latency_p95_ms,10,10,523.1082168,532.095164,22.73817031831637,481.445597,547.604449
large,materialize,cold,http_200_latency_p99_ms,10,10,541.6378058,539.856757,40.04108131550312,492.552387,623.037529
large,materialize,cold,http_503,10,10,43.4,44.0,3.4058772731852804,36,47
large,materialize,cold,http_503_latency_p50_ms,10,10,40.5157615,39.046321500000005,8.912981702869214,32.818176,63.545989
large,materialize,cold,http_503_latency_p95_ms,10,10,124.7623224,122.98554899999999,27.203172863138473,83.535539,157.007432
large,materialize,cold,http_503_latency_p99_ms,10,10,146.9052742,158.54236550000002,35.65722943883582,87.058415,198.049859
low-mix,bounded,cold,offered,10,10,64,64.0,0.0,64,64
low-mix,bounded,cold,attempted,10,10,64,64.0,0.0,64,64
low-mix,bounded,cold,completed_http,10,10,64,64.0,0.0,64,64
low-mix,bounded,cold,request_errors,10,10,0,0.0,0.0,0,0
low-mix,bounded,cold,client_drops,10,10,0,0.0,0.0,0,0
low-mix,bounded,cold,origin_executions,10,10,64,64.0,0.0,64,64
low-mix,bounded,cold,origin_peak,10,10,1,1.0,0.0,1,1
low-mix,bounded,cold,origin_cpu_s_per_1000_attempted,10,10,13.40625,13.359375,0.2833639689319884,12.96875,13.90625
low-mix,bounded,cold,origin_cpu_s_per_1000_successful,10,10,13.40625,13.359375,0.2833639689319884,12.96875,13.90625
low-mix,bounded,cold,origin_compute_cpu_s_per_1000_attempted,10,10,11.28062109375,11.2698140625,0.051500780497441764,11.2047921875,11.3782421875
low-mix,bounded,cold,origin_work_amplification,10,10,3.3684210526315788,3.3684210526315788,0.0,3.3684210526315788,3.3684210526315788
low-mix,bounded,cold,completed_http_per_second,10,10,5.068520232909329,5.068544230683722,0.00028515770333190196,5.068120787703915,5.068959590726348
low-mix,bounded,cold,successful_200_per_second,10,10,5.068520232909329,5.068544230683722,0.00028515770333190196,5.068120787703915,5.068959590726348
low-mix,bounded,cold,gateway_cpu_s,10,10,0.806,0.805,0.026331223544175313,0.77,0.85
low-mix,bounded,cold,driver_cpu_s,10,10,0.11942388,0.1183795,0.0032216968575236493,0.1157874,0.1257814
low-mix,bounded,cold,gateway_rss_sampled_peak_bytes,10,10,98315468.8,98019328.0,1018523.658870666,97021952,100380672
low-mix,bounded,cold,queue_sampled_peak,10,10,0.0,0.0,0.0,0.0,0.0
low-mix,bounded,cold,artifact_hits,10,10,0.0,0.0,0.0,0.0,0.0
low-mix,bounded,cold,single_flight_joins,10,10,0.0,0.0,0.0,0.0,0.0
low-mix,bounded,cold,aggregate_gateway_rejections,10,10,0.0,0.0,0.0,0.0,0.0
low-mix,bounded,cold,pool_rejections,10,10,0.0,0.0,0.0,0.0,0.0
low-mix,bounded,cold,response_body_bytes,10,10,262144,262144.0,0.0,262144,262144
low-mix,bounded,cold,bytes_stored,10,10,0.0,0.0,0.0,0.0,0.0
low-mix,bounded,cold,scheduler_lag_p99_ms,10,10,0.7998221,0.8565785,0.2162383257259607,0.28475,1.019022
low-mix,bounded,cold,latency_p50_ms,10,10,27.7646495,27.669871,0.4460485013217607,27.055472,28.407839
low-mix,bounded,cold,latency_p95_ms,10,10,33.1814213,33.184962,0.7211155854065513,32.149267,34.151288
low-mix,bounded,cold,latency_p99_ms,10,10,40.3726461,39.640671,2.15188276398994,38.583911,44.878052
low-mix,bounded,cold,http_200,10,10,64,64.0,0.0,64,64
low-mix,bounded,cold,http_200_latency_p50_ms,10,10,27.7646495,27.669871,0.4460485013217607,27.055472,28.407839
low-mix,bounded,cold,http_200_latency_p95_ms,10,10,33.1814213,33.184962,0.7211155854065513,32.149267,34.151288
low-mix,bounded,cold,http_200_latency_p99_ms,10,10,40.3726461,39.640671,2.15188276398994,38.583911,44.878052
low-mix,direct,cold,offered,10,10,64,64.0,0.0,64,64
low-mix,direct,cold,attempted,10,10,64,64.0,0.0,64,64
low-mix,direct,cold,completed_http,10,10,64,64.0,0.0,64,64
low-mix,direct,cold,request_errors,10,10,0,0.0,0.0,0,0
low-mix,direct,cold,client_drops,10,10,0,0.0,0.0,0,0
low-mix,direct,cold,origin_executions,10,10,64,64.0,0.0,64,64
low-mix,direct,cold,origin_peak,10,10,1,1.0,0.0,1,1
low-mix,direct,cold,origin_cpu_s_per_1000_attempted,10,10,13.609375,13.515625,0.2010443652668623,13.4375,13.90625
low-mix,direct,cold,origin_cpu_s_per_1000_successful,10,10,13.609375,13.515625,0.2010443652668623,13.4375,13.90625
low-mix,direct,cold,origin_compute_cpu_s_per_1000_attempted,10,10,11.28834828125,11.27758046875,0.05684553832117042,11.197896875,11.3664109375
low-mix,direct,cold,origin_work_amplification,10,10,3.3684210526315788,3.3684210526315788,0.0,3.3684210526315788,3.3684210526315788
low-mix,direct,cold,completed_http_per_second,10,10,5.074023916540102,5.074029859738863,0.00012854052104642618,5.073841472450219,5.074200481599187
low-mix,direct,cold,successful_200_per_second,10,10,5.074023916540102,5.074029859738863,0.00012854052104642618,5.073841472450219,5.074200481599187
low-mix,direct,cold,gateway_cpu_s,10,0,,,,,
low-mix,direct,cold,driver_cpu_s,10,10,0.06355583,0.06201065,0.004823533331962738,0.0584211,0.0724987
low-mix,direct,cold,gateway_rss_sampled_peak_bytes,10,0,,,,,
low-mix,direct,cold,queue_sampled_peak,10,0,,,,,
low-mix,direct,cold,artifact_hits,10,0,,,,,
low-mix,direct,cold,single_flight_joins,10,0,,,,,
low-mix,direct,cold,aggregate_gateway_rejections,10,0,,,,,
low-mix,direct,cold,pool_rejections,10,0,,,,,
low-mix,direct,cold,response_body_bytes,10,10,262144,262144.0,0.0,262144,262144
low-mix,direct,cold,bytes_stored,10,0,,,,,
low-mix,direct,cold,scheduler_lag_p99_ms,10,10,0.809472,0.924428,0.3152247786788201,0.256951,1.273748
low-mix,direct,cold,latency_p50_ms,10,10,13.1938426,13.15175,0.17971668800902543,12.949907,13.44847
low-mix,direct,cold,latency_p95_ms,10,10,15.8634537,15.882909999999999,0.2920495845069425,15.202166,16.255308
low-mix,direct,cold,latency_p99_ms,10,10,25.2800542,24.889799500000002,0.9282070154051236,24.494641,27.437875
low-mix,direct,cold,http_200,10,10,64,64.0,0.0,64,64
low-mix,direct,cold,http_200_latency_p50_ms,10,10,13.1938426,13.15175,0.17971668800902543,12.949907,13.44847
low-mix,direct,cold,http_200_latency_p95_ms,10,10,15.8634537,15.882909999999999,0.2920495845069425,15.202166,16.255308
low-mix,direct,cold,http_200_latency_p99_ms,10,10,25.2800542,24.889799500000002,0.9282070154051236,24.494641,27.437875
low-mix,materialize,cold,offered,10,10,64,64.0,0.0,64,64
low-mix,materialize,cold,attempted,10,10,64,64.0,0.0,64,64
low-mix,materialize,cold,completed_http,10,10,64,64.0,0.0,64,64
low-mix,materialize,cold,request_errors,10,10,0,0.0,0.0,0,0
low-mix,materialize,cold,client_drops,10,10,0,0.0,0.0,0,0
low-mix,materialize,cold,origin_executions,10,10,19,19.0,0.0,19,19
low-mix,materialize,cold,origin_peak,10,10,1,1.0,0.0,1,1
low-mix,materialize,cold,origin_cpu_s_per_1000_attempted,10,10,4.125,4.0625,0.08068715304598785,4.0625,4.21875
low-mix,materialize,cold,origin_cpu_s_per_1000_successful,10,10,4.125,4.0625,0.08068715304598785,4.0625,4.21875
low-mix,materialize,cold,origin_compute_cpu_s_per_1000_attempted,10,10,3.35559671875,3.3484734375,0.03051899619799737,3.3277828125,3.4387765625
low-mix,materialize,cold,origin_work_amplification,10,10,1.0,1.0,0.0,1.0,1.0
low-mix,materialize,cold,completed_http_per_second,10,10,5.076244196297541,5.0780157836762125,0.005502740628096803,5.060588562346375,5.07820791981433
low-mix,materialize,cold,successful_200_per_second,10,10,5.076244196297541,5.0780157836762125,0.005502740628096803,5.060588562346375,5.07820791981433
low-mix,materialize,cold,gateway_cpu_s,10,10,0.729,0.735,0.024244128727957573,0.68,0.76
low-mix,materialize,cold,driver_cpu_s,10,10,0.11843747,0.11759800000000001,0.002976572975774512,0.114453,0.1239631
low-mix,materialize,cold,gateway_rss_sampled_peak_bytes,10,10,105611673.6,104962048.0,2312351.8880256573,104050688,112025600
low-mix,materialize,cold,queue_sampled_peak,10,10,0.0,0.0,0.0,0.0,0.0
low-mix,materialize,cold,artifact_hits,10,10,45.0,45.0,0.0,45.0,45.0
low-mix,materialize,cold,single_flight_joins,10,10,0.0,0.0,0.0,0.0,0.0
low-mix,materialize,cold,aggregate_gateway_rejections,10,10,0.0,0.0,0.0,0.0,0.0
low-mix,materialize,cold,pool_rejections,10,10,0.0,0.0,0.0,0.0,0.0
low-mix,materialize,cold,response_body_bytes,10,10,262144,262144.0,0.0,262144,262144
low-mix,materialize,cold,bytes_stored,10,10,77824.0,77824.0,0.0,77824.0,77824.0
low-mix,materialize,cold,scheduler_lag_p99_ms,10,10,0.786265,0.8319055,0.23021078293405614,0.298753,1.053518
low-mix,materialize,cold,latency_p50_ms,10,10,3.6284853,3.645155,0.21383906059778796,3.297581,3.982119
low-mix,materialize,cold,latency_p95_ms,10,10,51.2957642,51.114741499999994,1.7319142856035739,48.791028,54.517431
low-mix,materialize,cold,latency_p99_ms,10,10,58.7283488,57.55984,6.386156521944995,50.941363,73.395642
low-mix,materialize,cold,http_200,10,10,64,64.0,0.0,64,64
low-mix,materialize,cold,http_200_latency_p50_ms,10,10,3.6284853,3.645155,0.21383906059778796,3.297581,3.982119
low-mix,materialize,cold,http_200_latency_p95_ms,10,10,51.2957642,51.114741499999994,1.7319142856035739,48.791028,54.517431
low-mix,materialize,cold,http_200_latency_p99_ms,10,10,58.7283488,57.55984,6.386156521944995,50.941363,73.395642
noise,bounded,cold,offered,10,10,256,256.0,0.0,256,256
noise,bounded,cold,attempted,10,10,256,256.0,0.0,256,256
noise,bounded,cold,completed_http,10,10,256,256.0,0.0,256,256
noise,bounded,cold,request_errors,10,10,0,0.0,0.0,0,0
noise,bounded,cold,client_drops,10,10,0,0.0,0.0,0,0
noise,bounded,cold,origin_executions,10,10,10.3,10.0,2.3118054512532935,7,15
noise,bounded,cold,origin_peak,10,10,1,1.0,0.0,1,1
noise,bounded,cold,origin_cpu_s_per_1000_attempted,10,10,0.53515625,0.5078125,0.13412090397727178,0.3515625,0.8203125
noise,bounded,cold,origin_cpu_s_per_1000_successful,10,10,0.53515625,0.5078125,0.13412090397727178,0.3515625,0.8203125
noise,bounded,cold,origin_compute_cpu_s_per_1000_attempted,10,10,0.462597578125,0.444909765625,0.1112047562218262,0.311608984375,0.703790625
noise,bounded,cold,origin_work_amplification,10,10,10.3,10.0,2.3118054512532935,7.0,15.0
noise,bounded,cold,completed_http_per_second,10,10,289.5637799316536,293.76432605758515,32.61778931616743,212.79283810592537,332.8191931170744
noise,bounded,cold,successful_200_per_second,10,10,289.5637799316536,293.76432605758515,32.61778931616743,212.79283810592537,332.8191931170744
noise,bounded,cold,gateway_cpu_s,10,10,0.788,0.75,0.1130191724148312,0.69,1.09
noise,bounded,cold,driver_cpu_s,10,10,0.11052564,0.10443025,0.01809835413696812,0.0986556,0.1596534
noise,bounded,cold,gateway_rss_sampled_peak_bytes,10,10,105299148.8,105027584.0,1236002.7172883472,104329216,108650496
noise,bounded,cold,queue_sampled_peak,10,10,0.0,0.0,0.0,0.0,0.0
noise,bounded,cold,artifact_hits,10,10,0.0,0.0,0.0,0.0,0.0
noise,bounded,cold,single_flight_joins,10,10,245.7,246.0,2.3118054512532935,241.0,249.0
noise,bounded,cold,aggregate_gateway_rejections,10,10,0.0,0.0,0.0,0.0,0.0
noise,bounded,cold,pool_rejections,10,10,0.0,0.0,0.0,0.0,0.0
noise,bounded,cold,response_body_bytes,10,10,1048576,1048576.0,0.0,1048576,1048576
noise,bounded,cold,bytes_stored,10,10,0.0,0.0,0.0,0.0,0.0
noise,bounded,cold,scheduler_lag_p99_ms,10,0,,,,,
noise,bounded,cold,latency_p50_ms,10,10,200.7604486,191.327634,28.901015077792643,170.576672,274.094386
noise,bounded,cold,latency_p95_ms,10,10,328.3147561,316.0868275,55.194052524135394,263.582349,445.873869
noise,bounded,cold,latency_p99_ms,10,10,349.6209662,333.2705645,52.098610358698636,297.893839,462.170988
noise,bounded,cold,http_200,10,10,256,256.0,0.0,256,256
noise,bounded,cold,http_200_latency_p50_ms,10,10,200.7604486,191.327634,28.901015077792643,170.576672,274.094386
noise,bounded,cold,http_200_latency_p95_ms,10,10,328.3147561,316.0868275,55.194052524135394,263.582349,445.873869
noise,bounded,cold,http_200_latency_p99_ms,10,10,349.6209662,333.2705645,52.098610358698636,297.893839,462.170988
noise,direct,cold,offered,10,10,256,256.0,0.0,256,256
noise,direct,cold,attempted,10,10,256,256.0,0.0,256,256
noise,direct,cold,completed_http,10,10,256,256.0,0.0,256,256
noise,direct,cold,request_errors,10,10,0,0.0,0.0,0,0
noise,direct,cold,client_drops,10,10,0,0.0,0.0,0,0
noise,direct,cold,origin_executions,10,10,256,256.0,0.0,256,256
noise,direct,cold,origin_peak,10,10,34.5,34.5,5.01663898109747,29,42
noise,direct,cold,origin_cpu_s_per_1000_attempted,10,10,13.0703125,13.046875,0.20521758650880778,12.8125,13.4765625
noise,direct,cold,origin_cpu_s_per_1000_successful,10,10,13.0703125,13.046875,0.20521758650880778,12.8125,13.4765625
noise,direct,cold,origin_compute_cpu_s_per_1000_attempted,10,10,11.407128984375,11.3864955078125,0.10718020739036623,11.29127578125,11.618567578125
noise,direct,cold,origin_work_amplification,10,10,256.0,256.0,0.0,256.0,256.0
noise,direct,cold,completed_http_per_second,10,10,76.44385515998232,76.6135895454915,1.175296721446805,74.18295438817931,78.00696000524168
noise,direct,cold,successful_200_per_second,10,10,76.44385515998232,76.6135895454915,1.175296721446805,74.18295438817931,78.00696000524168
noise,direct,cold,gateway_cpu_s,10,0,,,,,
noise,direct,cold,driver_cpu_s,10,10,0.1154727,0.1137399,0.005501721413238668,0.1092532,0.1238865
noise,direct,cold,gateway_rss_sampled_peak_bytes,10,0,,,,,
noise,direct,cold,queue_sampled_peak,10,0,,,,,
noise,direct,cold,artifact_hits,10,0,,,,,
noise,direct,cold,single_flight_joins,10,0,,,,,
noise,direct,cold,aggregate_gateway_rejections,10,0,,,,,
noise,direct,cold,pool_rejections,10,0,,,,,
noise,direct,cold,response_body_bytes,10,10,1048576,1048576.0,0.0,1048576,1048576
noise,direct,cold,bytes_stored,10,0,,,,,
noise,direct,cold,scheduler_lag_p99_ms,10,0,,,,,
noise,direct,cold,latency_p50_ms,10,10,802.1953253,801.563271,30.082032213819605,746.562035,843.708907
noise,direct,cold,latency_p95_ms,10,10,1192.1001011,1179.0236765,70.63149194385569,1105.500345,1308.768283
noise,direct,cold,latency_p99_ms,10,10,1363.4832217,1332.553059,104.32323861921276,1258.260385,1543.476829
noise,direct,cold,http_200,10,10,256,256.0,0.0,256,256
noise,direct,cold,http_200_latency_p50_ms,10,10,802.1953253,801.563271,30.082032213819605,746.562035,843.708907
noise,direct,cold,http_200_latency_p95_ms,10,10,1192.1001011,1179.0236765,70.63149194385569,1105.500345,1308.768283
noise,direct,cold,http_200_latency_p99_ms,10,10,1363.4832217,1332.553059,104.32323861921276,1258.260385,1543.476829
noise,materialize,cold,offered,10,10,256,256.0,0.0,256,256
noise,materialize,cold,attempted,10,10,256,256.0,0.0,256,256
noise,materialize,cold,completed_http,10,10,256,256.0,0.0,256,256
noise,materialize,cold,request_errors,10,10,0,0.0,0.0,0,0
noise,materialize,cold,client_drops,10,10,0,0.0,0.0,0,0
noise,materialize,cold,origin_executions,10,10,1,1.0,0.0,1,1
noise,materialize,cold,origin_peak,10,10,1,1.0,0.0,1,1
noise,materialize,cold,origin_cpu_s_per_1000_attempted,10,10,0.05859375,0.05859375,0.020587745183387886,0.0390625,0.078125
noise,materialize,cold,origin_cpu_s_per_1000_successful,10,10,0.05859375,0.05859375,0.020587745183387886,0.0390625,0.078125
noise,materialize,cold,origin_compute_cpu_s_per_1000_attempted,10,10,0.0457736328125,0.0456927734375,0.0002505842544949748,0.045548828125,0.046360546875
noise,materialize,cold,origin_work_amplification,10,10,1.0,1.0,0.0,1.0,1.0
noise,materialize,cold,completed_http_per_second,10,10,285.84035890824754,292.43359107946014,41.28265388026478,185.4499833191,329.16964167660035
noise,materialize,cold,successful_200_per_second,10,10,285.84035890824754,292.43359107946014,41.28265388026478,185.4499833191,329.16964167660035
noise,materialize,cold,gateway_cpu_s,10,10,0.826,0.79,0.1640596097629016,0.71,1.27
noise,materialize,cold,driver_cpu_s,10,10,0.11186456,0.1080363,0.017578926727457887,0.0975414,0.1587546
noise,materialize,cold,gateway_rss_sampled_peak_bytes,10,10,111834726.4,112334848.0,3002756.46466743,105803776,114720768
noise,materialize,cold,queue_sampled_peak,10,10,0.0,0.0,0.0,0.0,0.0
noise,materialize,cold,artifact_hits,10,10,249.6,249.5,1.6465452046971292,246.0,252.0
noise,materialize,cold,single_flight_joins,10,10,5.4,5.5,1.6465452046971292,3.0,9.0
noise,materialize,cold,aggregate_gateway_rejections,10,10,0.0,0.0,0.0,0.0,0.0
noise,materialize,cold,pool_rejections,10,10,0.0,0.0,0.0,0.0,0.0
noise,materialize,cold,response_body_bytes,10,10,1048576,1048576.0,0.0,1048576,1048576
noise,materialize,cold,bytes_stored,10,10,4096.0,4096.0,0.0,4096.0,4096.0
noise,materialize,cold,scheduler_lag_p99_ms,10,0,,,,,
noise,materialize,cold,latency_p50_ms,10,10,189.5823352,182.83819499999998,29.798677144527495,165.117011,266.555054
noise,materialize,cold,latency_p95_ms,10,10,378.36459360000003,341.38689750000003,107.59963533744225,263.001845,656.810456
noise,materialize,cold,latency_p99_ms,10,10,399.7348096,371.335108,109.42166681404107,274.89365,684.542452
noise,materialize,cold,http_200,10,10,256,256.0,0.0,256,256
noise,materialize,cold,http_200_latency_p50_ms,10,10,189.5823352,182.83819499999998,29.798677144527495,165.117011,266.555054
noise,materialize,cold,http_200_latency_p95_ms,10,10,378.36459360000003,341.38689750000003,107.59963533744225,263.001845,656.810456
noise,materialize,cold,http_200_latency_p99_ms,10,10,399.7348096,371.335108,109.42166681404107,274.89365,684.542452
reuse,bounded,cold,offered,10,10,256,256.0,0.0,256,256
reuse,bounded,cold,attempted,10,10,256,256.0,0.0,256,256
reuse,bounded,cold,completed_http,10,10,256,256.0,0.0,256,256
reuse,bounded,cold,request_errors,10,10,0,0.0,0.0,0,0
reuse,bounded,cold,client_drops,10,10,0,0.0,0.0,0,0
reuse,bounded,cold,origin_executions,10,10,256,256.0,0.0,256,256
reuse,bounded,cold,origin_peak,10,10,1,1.0,0.0,1,1
reuse,bounded,cold,origin_cpu_s_per_1000_attempted,10,10,12.93359375,12.9296875,0.03884487992233411,12.890625,13.0078125
reuse,bounded,cold,origin_cpu_s_per_1000_successful,10,10,12.93359375,12.9296875,0.03884487992233411,12.890625,13.0078125
reuse,bounded,cold,origin_compute_cpu_s_per_1000_attempted,10,10,11.301235234375,11.3002716796875,0.012073940275072064,11.285226171875,11.321748828125
reuse,bounded,cold,origin_work_amplification,10,10,16.0,16.0,0.0,16.0,16.0
reuse,bounded,cold,completed_http_per_second,10,10,13.694009944745785,13.713878619126286,0.08912942121864491,13.557293920891977,13.80907041063316
reuse,bounded,cold,successful_200_per_second,10,10,13.694009944745785,13.713878619126286,0.08912942121864491,13.557293920891977,13.80907041063316
reuse,bounded,cold,gateway_cpu_s,10,10,2.2,2.205,0.024037008503093284,2.16,2.23
reuse,bounded,cold,driver_cpu_s,10,10,0.2391271,0.23913394999999998,0.001650519200467266,0.2357089,0.2421409
reuse,bounded,cold,gateway_rss_sampled_peak_bytes,10,10,120092262.4,120317952.0,2332454.6833119444,117334016,123478016
reuse,bounded,cold,queue_sampled_peak,10,10,0.0,0.0,0.0,0.0,0.0
reuse,bounded,cold,artifact_hits,10,10,0.0,0.0,0.0,0.0,0.0
reuse,bounded,cold,single_flight_joins,10,10,0.0,0.0,0.0,0.0,0.0
reuse,bounded,cold,aggregate_gateway_rejections,10,10,0.0,0.0,0.0,0.0,0.0
reuse,bounded,cold,pool_rejections,10,10,0.0,0.0,0.0,0.0,0.0
reuse,bounded,cold,response_body_bytes,10,10,1048576,1048576.0,0.0,1048576,1048576
reuse,bounded,cold,bytes_stored,10,10,0.0,0.0,0.0,0.0,0.0
reuse,bounded,cold,scheduler_lag_p99_ms,10,0,,,,,
reuse,bounded,cold,latency_p50_ms,10,10,70.257144,70.2399255,0.08754444436970323,70.12604,70.397642
reuse,bounded,cold,latency_p95_ms,10,10,81.1428001,80.876909,1.189379690020294,80.390182,84.472773
reuse,bounded,cold,latency_p99_ms,10,10,89.3291107,90.285731,2.117892083819614,84.280394,90.879986
reuse,bounded,cold,http_200,10,10,256,256.0,0.0,256,256
reuse,bounded,cold,http_200_latency_p50_ms,10,10,70.257144,70.2399255,0.08754444436970323,70.12604,70.397642
reuse,bounded,cold,http_200_latency_p95_ms,10,10,81.1428001,80.876909,1.189379690020294,80.390182,84.472773
reuse,bounded,cold,http_200_latency_p99_ms,10,10,89.3291107,90.285731,2.117892083819614,84.280394,90.879986
reuse,direct,cold,offered,10,10,256,256.0,0.0,256,256
reuse,direct,cold,attempted,10,10,256,256.0,0.0,256,256
reuse,direct,cold,completed_http,10,10,256,256.0,0.0,256,256
reuse,direct,cold,request_errors,10,10,0,0.0,0.0,0,0
reuse,direct,cold,client_drops,10,10,0,0.0,0.0,0,0
reuse,direct,cold,origin_executions,10,10,256,256.0,0.0,256,256
reuse,direct,cold,origin_peak,10,10,1,1.0,0.0,1,1
reuse,direct,cold,origin_cpu_s_per_1000_attempted,10,10,12.6171875,12.6171875,0.06639348324990606,12.5390625,12.6953125
reuse,direct,cold,origin_cpu_s_per_1000_successful,10,10,12.6171875,12.6171875,0.06639348324990606,12.5390625,12.6953125
reuse,direct,cold,origin_compute_cpu_s_per_1000_attempted,10,10,11.2722582421875,11.278065625,0.01927252020299475,11.245369921875,11.295212890625
reuse,direct,cold,origin_work_amplification,10,10,16.0,16.0,0.0,16.0,16.0
reuse,direct,cold,completed_http_per_second,10,10,77.75289909601776,77.84661097224063,0.5038191834808122,77.12407972509052,78.35789123617754
reuse,direct,cold,successful_200_per_second,10,10,77.75289909601776,77.84661097224063,0.5038191834808122,77.12407972509052,78.35789123617754
reuse,direct,cold,gateway_cpu_s,10,0,,,,,
reuse,direct,cold,driver_cpu_s,10,10,0.10620814,0.1052507,0.00490408612603363,0.0991954,0.1137244
reuse,direct,cold,gateway_rss_sampled_peak_bytes,10,0,,,,,
reuse,direct,cold,queue_sampled_peak,10,0,,,,,
reuse,direct,cold,artifact_hits,10,0,,,,,
reuse,direct,cold,single_flight_joins,10,0,,,,,
reuse,direct,cold,aggregate_gateway_rejections,10,0,,,,,
reuse,direct,cold,pool_rejections,10,0,,,,,
reuse,direct,cold,response_body_bytes,10,10,1048576,1048576.0,0.0,1048576,1048576
reuse,direct,cold,bytes_stored,10,0,,,,,
reuse,direct,cold,scheduler_lag_p99_ms,10,0,,,,,
reuse,direct,cold,latency_p50_ms,10,10,12.2450679,12.248162,0.06958237940336127,12.130262,12.34276
reuse,direct,cold,latency_p95_ms,10,10,15.188495,15.182302499999999,0.25581194369388705,14.843806,15.690666
reuse,direct,cold,latency_p99_ms,10,10,21.6495344,20.4169045,2.4700686436534154,19.072364,26.027291
reuse,direct,cold,http_200,10,10,256,256.0,0.0,256,256
reuse,direct,cold,http_200_latency_p50_ms,10,10,12.2450679,12.248162,0.06958237940336127,12.130262,12.34276
reuse,direct,cold,http_200_latency_p95_ms,10,10,15.188495,15.182302499999999,0.25581194369388705,14.843806,15.690666
reuse,direct,cold,http_200_latency_p99_ms,10,10,21.6495344,20.4169045,2.4700686436534154,19.072364,26.027291
reuse,materialize,cold,offered,10,10,256,256.0,0.0,256,256
reuse,materialize,cold,attempted,10,10,256,256.0,0.0,256,256
reuse,materialize,cold,completed_http,10,10,256,256.0,0.0,256,256
reuse,materialize,cold,request_errors,10,10,0,0.0,0.0,0,0
reuse,materialize,cold,client_drops,10,10,0,0.0,0.0,0,0
reuse,materialize,cold,origin_executions,10,10,16,16.0,0.0,16,16
reuse,materialize,cold,origin_peak,10,10,1,1.0,0.0,1,1
reuse,materialize,cold,origin_cpu_s_per_1000_attempted,10,10,0.8203125,0.8203125,0.0,0.8203125,0.8203125
reuse,materialize,cold,origin_cpu_s_per_1000_successful,10,10,0.8203125,0.8203125,0.0,0.8203125,0.8203125
reuse,materialize,cold,origin_compute_cpu_s_per_1000_attempted,10,10,0.70559875,0.7054617187500001,0.0018607483621465234,0.7031578125,0.708885546875
reuse,materialize,cold,origin_work_amplification,10,10,1.0,1.0,0.0,1.0,1.0
reuse,materialize,cold,completed_http_per_second,10,10,139.90201392741568,140.97769485765775,10.248076442557549,125.00037976189594,153.84035635753216
reuse,materialize,cold,successful_200_per_second,10,10,139.90201392741568,140.97769485765775,10.248076442557549,125.00037976189594,153.84035635753216
reuse,materialize,cold,gateway_cpu_s,10,10,0.967,0.955,0.04967673276069772,0.93,1.09
reuse,materialize,cold,driver_cpu_s,10,10,0.09002488,0.0886618,0.007084639700365857,0.0847187,0.1083046
reuse,materialize,cold,gateway_rss_sampled_peak_bytes,10,10,110596915.2,110258176.0,2921374.2244494306,107446272,117026816
reuse,materialize,cold,queue_sampled_peak,10,10,0.0,0.0,0.0,0.0,0.0
reuse,materialize,cold,artifact_hits,10,10,240.0,240.0,0.0,240.0,240.0
reuse,materialize,cold,single_flight_joins,10,10,0.0,0.0,0.0,0.0,0.0
reuse,materialize,cold,aggregate_gateway_rejections,10,10,0.0,0.0,0.0,0.0,0.0
reuse,materialize,cold,pool_rejections,10,10,0.0,0.0,0.0,0.0,0.0
reuse,materialize,cold,response_body_bytes,10,10,1048576,1048576.0,0.0,1048576,1048576
reuse,materialize,cold,bytes_stored,10,10,65536.0,65536.0,0.0,65536.0,65536.0
reuse,materialize,cold,scheduler_lag_p99_ms,10,0,,,,,
reuse,materialize,cold,latency_p50_ms,10,10,1.9579224,1.8869565000000001,0.18562183400619184,1.822047,2.434902
reuse,materialize,cold,latency_p95_ms,10,10,48.896958,48.3921645,2.2070261835587726,46.283196,53.32534
reuse,materialize,cold,latency_p99_ms,10,10,96.8572235,97.749131,5.302165898652596,89.296615,107.159477
reuse,materialize,cold,http_200,10,10,256,256.0,0.0,256,256
reuse,materialize,cold,http_200_latency_p50_ms,10,10,1.9579224,1.8869565000000001,0.18562183400619184,1.822047,2.434902
reuse,materialize,cold,http_200_latency_p95_ms,10,10,48.896958,48.3921645,2.2070261835587726,46.283196,53.32534
reuse,materialize,cold,http_200_latency_p99_ms,10,10,96.8572235,97.749131,5.302165898652596,89.296615,107.159477
reuse,materialize,restart,offered,10,10,256,256.0,0.0,256,256
reuse,materialize,restart,attempted,10,10,256,256.0,0.0,256,256
reuse,materialize,restart,completed_http,10,10,256,256.0,0.0,256,256
reuse,materialize,restart,request_errors,10,10,0,0.0,0.0,0,0
reuse,materialize,restart,client_drops,10,10,0,0.0,0.0,0,0
reuse,materialize,restart,origin_executions,10,10,0,0.0,0.0,0,0
reuse,materialize,restart,origin_peak,10,10,0,0.0,0.0,0,0
reuse,materialize,restart,origin_cpu_s_per_1000_attempted,10,10,0.00390625,0.0,0.012352647110032733,0.0,0.0390625
reuse,materialize,restart,origin_cpu_s_per_1000_successful,10,10,0.00390625,0.0,0.012352647110032733,0.0,0.0390625
reuse,materialize,restart,origin_compute_cpu_s_per_1000_attempted,10,10,0.0,0.0,0.0,0.0,0.0
reuse,materialize,restart,origin_work_amplification,10,10,0.0,0.0,0.0,0.0,0.0
reuse,materialize,restart,completed_http_per_second,10,10,284.1429559750852,285.33870060679567,10.074948090708862,261.70184571237655,294.84380358116687
reuse,materialize,restart,successful_200_per_second,10,10,284.1429559750852,285.33870060679567,10.074948090708862,261.70184571237655,294.84380358116687
reuse,materialize,restart,gateway_cpu_s,10,10,0.903,0.9,0.034334951418181575,0.86,0.98
reuse,materialize,restart,driver_cpu_s,10,10,0.08493736,0.08405225,0.003337910294780255,0.081695,0.0911817
reuse,materialize,restart,gateway_rss_sampled_peak_bytes,10,10,104658944,104771584.0,1350649.7460894722,102211584,106737664
reuse,materialize,restart,queue_sampled_peak,10,10,0.0,0.0,0.0,0.0,0.0
reuse,materialize,restart,artifact_hits,10,10,256.0,256.0,0.0,256.0,256.0
reuse,materialize,restart,single_flight_joins,10,10,0.0,0.0,0.0,0.0,0.0
reuse,materialize,restart,aggregate_gateway_rejections,10,10,0.0,0.0,0.0,0.0,0.0
reuse,materialize,restart,pool_rejections,10,10,0.0,0.0,0.0,0.0,0.0
reuse,materialize,restart,response_body_bytes,10,10,1048576,1048576.0,0.0,1048576,1048576
reuse,materialize,restart,bytes_stored,10,10,0.0,0.0,0.0,0.0,0.0
reuse,materialize,restart,scheduler_lag_p99_ms,10,0,,,,,
reuse,materialize,restart,latency_p50_ms,10,10,2.1680307,2.1447054999999997,0.10861254621211017,2.038036,2.435675
reuse,materialize,restart,latency_p95_ms,10,10,9.673822,9.668891,0.4301488432748214,8.798798,10.361017
reuse,materialize,restart,latency_p99_ms,10,10,15.6175491,15.991056,1.9193440033553388,11.813889,17.907659
reuse,materialize,restart,http_200,10,10,256,256.0,0.0,256,256
reuse,materialize,restart,http_200_latency_p50_ms,10,10,2.1680307,2.1447054999999997,0.10861254621211017,2.038036,2.435675
reuse,materialize,restart,http_200_latency_p95_ms,10,10,9.673822,9.668891,0.4301488432748214,8.798798,10.361017
reuse,materialize,restart,http_200_latency_p99_ms,10,10,15.6175491,15.991056,1.9193440033553388,11.813889,17.907659
reuse,materialize,warm,offered,10,10,256,256.0,0.0,256,256
reuse,materialize,warm,attempted,10,10,256,256.0,0.0,256,256
reuse,materialize,warm,completed_http,10,10,256,256.0,0.0,256,256
reuse,materialize,warm,request_errors,10,10,0,0.0,0.0,0,0
reuse,materialize,warm,client_drops,10,10,0,0.0,0.0,0,0
reuse,materialize,warm,origin_executions,10,10,0,0.0,0.0,0,0
reuse,materialize,warm,origin_peak,10,10,0,0.0,0.0,0,0
reuse,materialize,warm,origin_cpu_s_per_1000_attempted,10,10,0.015625,0.0,0.020171788261496962,0.0,0.0390625
reuse,materialize,warm,origin_cpu_s_per_1000_successful,10,10,0.015625,0.0,0.020171788261496962,0.0,0.0390625
reuse,materialize,warm,origin_compute_cpu_s_per_1000_attempted,10,10,0.0,0.0,0.0,0.0,0.0
reuse,materialize,warm,origin_work_amplification,10,10,0.0,0.0,0.0,0.0,0.0
reuse,materialize,warm,completed_http_per_second,10,10,419.58660573662877,431.9647424345609,33.698673361773864,361.87542180485417,455.4288927946502
reuse,materialize,warm,successful_200_per_second,10,10,419.58660573662877,431.9647424345609,33.698673361773864,361.87542180485417,455.4288927946502
reuse,materialize,warm,gateway_cpu_s,10,10,0.618,0.595,0.050946595132114136,0.57,0.71
reuse,materialize,warm,driver_cpu_s,10,10,0.0758339,0.07214134999999999,0.006209646849146183,0.0701035,0.0842953
reuse,materialize,warm,gateway_rss_sampled_peak_bytes,10,10,143480832,142897152.0,1743471.593883116,141651968,146608128
reuse,materialize,warm,queue_sampled_peak,10,10,0.0,0.0,0.0,0.0,0.0
reuse,materialize,warm,artifact_hits,10,10,256.0,256.0,0.0,256.0,256.0
reuse,materialize,warm,single_flight_joins,10,10,0.0,0.0,0.0,0.0,0.0
reuse,materialize,warm,aggregate_gateway_rejections,10,10,0.0,0.0,0.0,0.0,0.0
reuse,materialize,warm,pool_rejections,10,10,0.0,0.0,0.0,0.0,0.0
reuse,materialize,warm,response_body_bytes,10,10,1048576,1048576.0,0.0,1048576,1048576
reuse,materialize,warm,bytes_stored,10,10,0.0,0.0,0.0,0.0,0.0
reuse,materialize,warm,scheduler_lag_p99_ms,10,0,,,,,
reuse,materialize,warm,latency_p50_ms,10,10,1.4431557,1.3785880000000001,0.126564865942813,1.315556,1.669935
reuse,materialize,warm,latency_p95_ms,10,10,6.9773689,6.9692989999999995,1.053743510128474,5.398207,8.35602
reuse,materialize,warm,latency_p99_ms,10,10,14.2280711,14.044488999999999,1.4482993164148268,12.130278,16.825242
reuse,materialize,warm,http_200,10,10,256,256.0,0.0,256,256
reuse,materialize,warm,http_200_latency_p50_ms,10,10,1.4431557,1.3785880000000001,0.126564865942813,1.315556,1.669935
reuse,materialize,warm,http_200_latency_p95_ms,10,10,6.9773689,6.9692989999999995,1.053743510128474,5.398207,8.35602
reuse,materialize,warm,http_200_latency_p99_ms,10,10,14.2280711,14.044488999999999,1.4482993164148268,12.130278,16.825242
same-1,bounded,cold,offered,10,10,256,256.0,0.0,256,256
same-1,bounded,cold,attempted,10,10,256,256.0,0.0,256,256
same-1,bounded,cold,completed_http,10,10,256,256.0,0.0,256,256
same-1,bounded,cold,request_errors,10,10,0,0.0,0.0,0,0
same-1,bounded,cold,client_drops,10,10,0,0.0,0.0,0,0
same-1,bounded,cold,origin_executions,10,10,256,256.0,0.0,256,256
same-1,bounded,cold,origin_peak,10,10,1,1.0,0.0,1,1
same-1,bounded,cold,origin_cpu_s_per_1000_attempted,10,10,13.00390625,13.0078125,0.04676636717726034,12.9296875,13.0859375
same-1,bounded,cold,origin_cpu_s_per_1000_successful,10,10,13.00390625,13.0078125,0.04676636717726034,12.9296875,13.0859375
same-1,bounded,cold,origin_compute_cpu_s_per_1000_attempted,10,10,11.318209843750001,11.312678515625,0.024590646387538377,11.299053515625,11.38172734375
same-1,bounded,cold,origin_work_amplification,10,10,256.0,256.0,0.0,256.0,256.0
same-1,bounded,cold,completed_http_per_second,10,10,15.062085292972817,15.073954672191306,0.22558781582492973,14.739396627547231,15.428324065907297
same-1,bounded,cold,successful_200_per_second,10,10,15.062085292972817,15.073954672191306,0.22558781582492973,14.739396627547231,15.428324065907297
same-1,bounded,cold,gateway_cpu_s,10,10,2.1470000000000002,2.15,0.017669811040931366,2.12,2.17
same-1,bounded,cold,driver_cpu_s,10,10,0.22214984,0.222415,0.001959720369621931,0.2195701,0.2248667
same-1,bounded,cold,gateway_rss_sampled_peak_bytes,10,10,116994048,116815872.0,1659673.7261618623,114597888,119238656
same-1,bounded,cold,queue_sampled_peak,10,10,0.0,0.0,0.0,0.0,0.0
same-1,bounded,cold,artifact_hits,10,10,0.0,0.0,0.0,0.0,0.0
same-1,bounded,cold,single_flight_joins,10,10,0.0,0.0,0.0,0.0,0.0
same-1,bounded,cold,aggregate_gateway_rejections,10,10,0.0,0.0,0.0,0.0,0.0
same-1,bounded,cold,pool_rejections,10,10,0.0,0.0,0.0,0.0,0.0
same-1,bounded,cold,response_body_bytes,10,10,1048576,1048576.0,0.0,1048576,1048576
same-1,bounded,cold,bytes_stored,10,10,0.0,0.0,0.0,0.0,0.0
same-1,bounded,cold,scheduler_lag_p99_ms,10,0,,,,,
same-1,bounded,cold,latency_p50_ms,10,10,66.6593251,69.032421,3.826954805915867,60.536203,69.421428
same-1,bounded,cold,latency_p95_ms,10,10,79.7362902,79.765172,0.24918736447759227,79.312969,80.131301
same-1,bounded,cold,latency_p99_ms,10,10,83.9190095,81.509805,4.305270298231751,80.514659,90.678298
same-1,bounded,cold,http_200,10,10,256,256.0,0.0,256,256
same-1,bounded,cold,http_200_latency_p50_ms,10,10,66.6593251,69.032421,3.826954805915867,60.536203,69.421428
same-1,bounded,cold,http_200_latency_p95_ms,10,10,79.7362902,79.765172,0.24918736447759227,79.312969,80.131301
same-1,bounded,cold,http_200_latency_p99_ms,10,10,83.9190095,81.509805,4.305270298231751,80.514659,90.678298
same-1,direct,cold,offered,10,10,256,256.0,0.0,256,256
same-1,direct,cold,attempted,10,10,256,256.0,0.0,256,256
same-1,direct,cold,completed_http,10,10,256,256.0,0.0,256,256
same-1,direct,cold,request_errors,10,10,0,0.0,0.0,0,0
same-1,direct,cold,client_drops,10,10,0,0.0,0.0,0,0
same-1,direct,cold,origin_executions,10,10,256,256.0,0.0,256,256
same-1,direct,cold,origin_peak,10,10,1,1.0,0.0,1,1
same-1,direct,cold,origin_cpu_s_per_1000_attempted,10,10,12.81640625,12.79296875,0.08327227580895563,12.6953125,12.96875
same-1,direct,cold,origin_cpu_s_per_1000_successful,10,10,12.81640625,12.79296875,0.08327227580895563,12.6953125,12.96875
same-1,direct,cold,origin_compute_cpu_s_per_1000_attempted,10,10,11.32508671875,11.312679492187499,0.03840144690551544,11.283413671875,11.39026484375
same-1,direct,cold,origin_work_amplification,10,10,256.0,256.0,0.0,256.0,256.0
same-1,direct,cold,completed_http_per_second,10,10,76.5395922001665,76.50092504515038,0.4674200982952002,75.86239054275732,77.44730069003649
same-1,direct,cold,successful_200_per_second,10,10,76.5395922001665,76.50092504515038,0.4674200982952002,75.86239054275732,77.44730069003649
same-1,direct,cold,gateway_cpu_s,10,0,,,,,
same-1,direct,cold,driver_cpu_s,10,10,0.12103563,0.1209363,0.004756135691936377,0.1146716,0.1271776
same-1,direct,cold,gateway_rss_sampled_peak_bytes,10,0,,,,,
same-1,direct,cold,queue_sampled_peak,10,0,,,,,
same-1,direct,cold,artifact_hits,10,0,,,,,
same-1,direct,cold,single_flight_joins,10,0,,,,,
same-1,direct,cold,aggregate_gateway_rejections,10,0,,,,,
same-1,direct,cold,pool_rejections,10,0,,,,,
same-1,direct,cold,response_body_bytes,10,10,1048576,1048576.0,0.0,1048576,1048576
same-1,direct,cold,bytes_stored,10,0,,,,,
same-1,direct,cold,scheduler_lag_p99_ms,10,0,,,,,
same-1,direct,cold,latency_p50_ms,10,10,12.4199995,12.398364,0.07343021889938176,12.331361,12.591368
same-1,direct,cold,latency_p95_ms,10,10,15.5422522,15.511336,0.1634174801107069,15.347531,15.868117
same-1,direct,cold,latency_p99_ms,10,10,21.1707446,20.385893,2.0834128197412154,18.770606,25.142977
same-1,direct,cold,http_200,10,10,256,256.0,0.0,256,256
same-1,direct,cold,http_200_latency_p50_ms,10,10,12.4199995,12.398364,0.07343021889938176,12.331361,12.591368
same-1,direct,cold,http_200_latency_p95_ms,10,10,15.5422522,15.511336,0.1634174801107069,15.347531,15.868117
same-1,direct,cold,http_200_latency_p99_ms,10,10,21.1707446,20.385893,2.0834128197412154,18.770606,25.142977
same-1,materialize,cold,offered,10,10,256,256.0,0.0,256,256
same-1,materialize,cold,attempted,10,10,256,256.0,0.0,256,256
same-1,materialize,cold,completed_http,10,10,256,256.0,0.0,256,256
same-1,materialize,cold,request_errors,10,10,0,0.0,0.0,0,0
same-1,materialize,cold,client_drops,10,10,0,0.0,0.0,0,0
same-1,materialize,cold,origin_executions,10,10,1,1.0,0.0,1,1
same-1,materialize,cold,origin_peak,10,10,1,1.0,0.0,1,1
same-1,materialize,cold,origin_cpu_s_per_1000_attempted,10,10,0.05859375,0.05859375,0.020587745183387886,0.0390625,0.078125
same-1,materialize,cold,origin_cpu_s_per_1000_successful,10,10,0.05859375,0.05859375,0.020587745183387886,0.0390625,0.078125
same-1,materialize,cold,origin_compute_cpu_s_per_1000_attempted,10,10,0.045172500000000004,0.0451630859375,0.0001878292284621072,0.044953125,0.045584765625
same-1,materialize,cold,origin_work_amplification,10,10,1.0,1.0,0.0,1.0,1.0
same-1,materialize,cold,completed_http_per_second,10,10,282.0594704047603,285.99924576341346,13.804620514270354,254.77130094405814,298.2989424735022
same-1,materialize,cold,successful_200_per_second,10,10,282.0594704047603,285.99924576341346,13.804620514270354,254.77130094405814,298.2989424735022
same-1,materialize,cold,gateway_cpu_s,10,10,0.895,0.88,0.047434164902525694,0.84,0.99
same-1,materialize,cold,driver_cpu_s,10,10,0.08819627,0.08636535000000001,0.0051246327985633375,0.0829243,0.1000148
same-1,materialize,cold,gateway_rss_sampled_peak_bytes,10,10,109753139.2,109006848.0,2744509.374029893,106147840,113459200
same-1,materialize,cold,queue_sampled_peak,10,10,0.0,0.0,0.0,0.0,0.0
same-1,materialize,cold,artifact_hits,10,10,255.0,255.0,0.0,255.0,255.0
same-1,materialize,cold,single_flight_joins,10,10,0.0,0.0,0.0,0.0,0.0
same-1,materialize,cold,aggregate_gateway_rejections,10,10,0.0,0.0,0.0,0.0,0.0
same-1,materialize,cold,pool_rejections,10,10,0.0,0.0,0.0,0.0,0.0
same-1,materialize,cold,response_body_bytes,10,10,1048576,1048576.0,0.0,1048576,1048576
same-1,materialize,cold,bytes_stored,10,10,4096.0,4096.0,0.0,4096.0,4096.0
same-1,materialize,cold,scheduler_lag_p99_ms,10,0,,,,,
same-1,materialize,cold,latency_p50_ms,10,10,2.1255082,2.1344279999999998,0.12319708963355332,1.899925,2.289412
same-1,materialize,cold,latency_p95_ms,10,10,9.7069449,9.808747499999999,0.6845549224905917,8.651579,10.518725
same-1,materialize,cold,latency_p99_ms,10,10,15.947515300000001,15.221638,1.4973854480290376,14.725101,18.269528
same-1,materialize,cold,http_200,10,10,256,256.0,0.0,256,256
same-1,materialize,cold,http_200_latency_p50_ms,10,10,2.1255082,2.1344279999999998,0.12319708963355332,1.899925,2.289412
same-1,materialize,cold,http_200_latency_p95_ms,10,10,9.7069449,9.808747499999999,0.6845549224905917,8.651579,10.518725
same-1,materialize,cold,http_200_latency_p99_ms,10,10,15.947515300000001,15.221638,1.4973854480290376,14.725101,18.269528
same-16,bounded,cold,offered,10,10,256,256.0,0.0,256,256
same-16,bounded,cold,attempted,10,10,256,256.0,0.0,256,256
same-16,bounded,cold,completed_http,10,10,256,256.0,0.0,256,256
same-16,bounded,cold,request_errors,10,10,0,0.0,0.0,0,0
same-16,bounded,cold,client_drops,10,10,0,0.0,0.0,0,0
same-16,bounded,cold,origin_executions,10,10,16.9,17.0,0.31622776601683794,16,17
same-16,bounded,cold,origin_peak,10,10,1,1.0,0.0,1,1
same-16,bounded,cold,origin_cpu_s_per_1000_attempted,10,10,0.87109375,0.859375,0.02636517803556847,0.8203125,0.8984375
same-16,bounded,cold,origin_cpu_s_per_1000_successful,10,10,0.87109375,0.859375,0.02636517803556847,0.8203125,0.8984375
same-16,bounded,cold,origin_compute_cpu_s_per_1000_attempted,10,10,0.7558078125000001,0.75950703125,0.013840750848129036,0.71653359375,0.762000390625
same-16,bounded,cold,origin_work_amplification,10,10,16.9,17.0,0.31622776601683794,16.0,17.0
same-16,bounded,cold,completed_http_per_second,10,10,190.12482307690829,189.76325846763683,6.388956717529849,183.58224064902828,206.3971258929323
same-16,bounded,cold,successful_200_per_second,10,10,190.12482307690829,189.76325846763683,6.388956717529849,183.58224064902828,206.3971258929323
same-16,bounded,cold,gateway_cpu_s,10,10,0.826,0.825,0.020110804171997784,0.79,0.86
same-16,bounded,cold,driver_cpu_s,10,10,0.08746273,0.0871999,0.0019490722146418519,0.0849785,0.0908964
same-16,bounded,cold,gateway_rss_sampled_peak_bytes,10,10,106308812.8,105805824.0,1596512.0623367818,104693760,109387776
same-16,bounded,cold,queue_sampled_peak,10,10,0.0,0.0,0.0,0.0,0.0
same-16,bounded,cold,artifact_hits,10,10,0.0,0.0,0.0,0.0,0.0
same-16,bounded,cold,single_flight_joins,10,10,239.1,239.0,0.31622776601683794,239.0,240.0
same-16,bounded,cold,aggregate_gateway_rejections,10,10,0.0,0.0,0.0,0.0,0.0
same-16,bounded,cold,pool_rejections,10,10,0.0,0.0,0.0,0.0,0.0
same-16,bounded,cold,response_body_bytes,10,10,1048576,1048576.0,0.0,1048576,1048576
same-16,bounded,cold,bytes_stored,10,10,0.0,0.0,0.0,0.0,0.0
same-16,bounded,cold,scheduler_lag_p99_ms,10,0,,,,,
same-16,bounded,cold,latency_p50_ms,10,10,81.3881862,81.28722450000001,2.032351101469034,77.426623,83.640458
same-16,bounded,cold,latency_p95_ms,10,10,115.7031623,115.1228275,11.919137719080984,97.917664,143.376919
same-16,bounded,cold,latency_p99_ms,10,10,131.2669714,125.8329975,15.863146506527801,112.769575,164.256228
same-16,bounded,cold,http_200,10,10,256,256.0,0.0,256,256
same-16,bounded,cold,http_200_latency_p50_ms,10,10,81.3881862,81.28722450000001,2.032351101469034,77.426623,83.640458
same-16,bounded,cold,http_200_latency_p95_ms,10,10,115.7031623,115.1228275,11.919137719080984,97.917664,143.376919
same-16,bounded,cold,http_200_latency_p99_ms,10,10,131.2669714,125.8329975,15.863146506527801,112.769575,164.256228
same-16,direct,cold,offered,10,10,256,256.0,0.0,256,256
same-16,direct,cold,attempted,10,10,256,256.0,0.0,256,256
same-16,direct,cold,completed_http,10,10,256,256.0,0.0,256,256
same-16,direct,cold,request_errors,10,10,0,0.0,0.0,0,0
same-16,direct,cold,client_drops,10,10,0,0.0,0.0,0,0
same-16,direct,cold,origin_executions,10,10,256,256.0,0.0,256,256
same-16,direct,cold,origin_peak,10,10,16,16.0,0.0,16,16
same-16,direct,cold,origin_cpu_s_per_1000_attempted,10,10,12.7734375,12.79296875,0.08637043724883854,12.6171875,12.890625
same-16,direct,cold,origin_cpu_s_per_1000_successful,10,10,12.7734375,12.79296875,0.08637043724883854,12.6171875,12.890625
same-16,direct,cold,origin_compute_cpu_s_per_1000_attempted,10,10,11.426666210937501,11.41864609375,0.038173350383116623,11.392303515625,11.519099609375
same-16,direct,cold,origin_work_amplification,10,10,256.0,256.0,0.0,256.0,256.0
same-16,direct,cold,completed_http_per_second,10,10,78.21173263029743,78.14804623545018,0.47212593682180176,77.50321930662304,79.1318993737575
same-16,direct,cold,successful_200_per_second,10,10,78.21173263029743,78.14804623545018,0.47212593682180176,77.50321930662304,79.1318993737575
same-16,direct,cold,gateway_cpu_s,10,0,,,,,
same-16,direct,cold,driver_cpu_s,10,10,0.09574179,0.09706005000000001,0.004496353398638106,0.0870222,0.10217
same-16,direct,cold,gateway_rss_sampled_peak_bytes,10,0,,,,,
same-16,direct,cold,queue_sampled_peak,10,0,,,,,
same-16,direct,cold,artifact_hits,10,0,,,,,
same-16,direct,cold,single_flight_joins,10,0,,,,,
same-16,direct,cold,aggregate_gateway_rejections,10,0,,,,,
same-16,direct,cold,pool_rejections,10,0,,,,,
same-16,direct,cold,response_body_bytes,10,10,1048576,1048576.0,0.0,1048576,1048576
same-16,direct,cold,bytes_stored,10,0,,,,,
same-16,direct,cold,scheduler_lag_p99_ms,10,0,,,,,
same-16,direct,cold,latency_p50_ms,10,10,198.0011517,198.40084050000002,3.459692698159541,193.335451,204.28873
same-16,direct,cold,latency_p95_ms,10,10,359.673487,360.173761,16.851960290206925,320.496265,384.926474
same-16,direct,cold,latency_p99_ms,10,10,444.2846836,461.904605,32.57780724754181,378.363473,472.088208
same-16,direct,cold,http_200,10,10,256,256.0,0.0,256,256
same-16,direct,cold,http_200_latency_p50_ms,10,10,198.0011517,198.40084050000002,3.459692698159541,193.335451,204.28873
same-16,direct,cold,http_200_latency_p95_ms,10,10,359.673487,360.173761,16.851960290206925,320.496265,384.926474
same-16,direct,cold,http_200_latency_p99_ms,10,10,444.2846836,461.904605,32.57780724754181,378.363473,472.088208
same-16,materialize,cold,offered,10,10,256,256.0,0.0,256,256
same-16,materialize,cold,attempted,10,10,256,256.0,0.0,256,256
same-16,materialize,cold,completed_http,10,10,256,256.0,0.0,256,256
same-16,materialize,cold,request_errors,10,10,0,0.0,0.0,0,0
same-16,materialize,cold,client_drops,10,10,0,0.0,0.0,0,0
same-16,materialize,cold,origin_executions,10,10,1,1.0,0.0,1,1
same-16,materialize,cold,origin_peak,10,10,1,1.0,0.0,1,1
same-16,materialize,cold,origin_cpu_s_per_1000_attempted,10,10,0.05078125,0.0390625,0.0188689801382675,0.0390625,0.078125
same-16,materialize,cold,origin_cpu_s_per_1000_successful,10,10,0.05078125,0.0390625,0.0188689801382675,0.0390625,0.078125
same-16,materialize,cold,origin_compute_cpu_s_per_1000_attempted,10,10,0.0455471484375,0.0455384765625,0.00024777329004136247,0.04517265625,0.046109765625
same-16,materialize,cold,origin_work_amplification,10,10,1.0,1.0,0.0,1.0,1.0
same-16,materialize,cold,completed_http_per_second,10,10,301.99917556497076,302.81357433980116,9.223377337013625,289.15092742398355,319.16903185568634
same-16,materialize,cold,successful_200_per_second,10,10,301.99917556497076,302.81357433980116,9.223377337013625,289.15092742398355,319.16903185568634
same-16,materialize,cold,gateway_cpu_s,10,10,0.823,0.83,0.03056868404829431,0.78,0.86
same-16,materialize,cold,driver_cpu_s,10,10,0.09135764,0.09185935,0.004066906827116209,0.0853913,0.0964942
same-16,materialize,cold,gateway_rss_sampled_peak_bytes,10,10,108190515.2,108019712.0,2621604.2970736152,105082880,112271360
same-16,materialize,cold,queue_sampled_peak,10,10,0.0,0.0,0.0,0.0,0.0
same-16,materialize,cold,artifact_hits,10,10,246.5,247.0,1.7795130420052185,243.0,248.0
same-16,materialize,cold,single_flight_joins,10,10,8.5,8.0,1.7795130420052185,7.0,12.0
same-16,materialize,cold,aggregate_gateway_rejections,10,10,0.0,0.0,0.0,0.0,0.0
same-16,materialize,cold,pool_rejections,10,10,0.0,0.0,0.0,0.0,0.0
same-16,materialize,cold,response_body_bytes,10,10,1048576,1048576.0,0.0,1048576,1048576
same-16,materialize,cold,bytes_stored,10,10,4096.0,4096.0,0.0,4096.0,4096.0
same-16,materialize,cold,scheduler_lag_p99_ms,10,0,,,,,
same-16,materialize,cold,latency_p50_ms,10,10,47.9019567,48.478947500000004,2.308395795053547,44.864008,50.888082
same-16,materialize,cold,latency_p95_ms,10,10,92.1780858,91.899227,10.295545259984573,80.380813,114.839475
same-16,materialize,cold,latency_p99_ms,10,10,105.255571,100.8649695,12.67958685622216,89.505657,131.085669
same-16,materialize,cold,http_200,10,10,256,256.0,0.0,256,256
same-16,materialize,cold,http_200_latency_p50_ms,10,10,47.9019567,48.478947500000004,2.308395795053547,44.864008,50.888082
same-16,materialize,cold,http_200_latency_p95_ms,10,10,92.1780858,91.899227,10.295545259984573,80.380813,114.839475
same-16,materialize,cold,http_200_latency_p99_ms,10,10,105.255571,100.8649695,12.67958685622216,89.505657,131.085669
same-4,bounded,cold,offered,10,10,256,256.0,0.0,256,256
same-4,bounded,cold,attempted,10,10,256,256.0,0.0,256,256
same-4,bounded,cold,completed_http,10,10,256,256.0,0.0,256,256
same-4,bounded,cold,request_errors,10,10,0,0.0,0.0,0,0
same-4,bounded,cold,client_drops,10,10,0,0.0,0.0,0,0
same-4,bounded,cold,origin_executions,10,10,64,64.0,0.0,64,64
same-4,bounded,cold,origin_peak,10,10,1,1.0,0.0,1,1
same-4,bounded,cold,origin_cpu_s_per_1000_attempted,10,10,3.41796875,3.3984375,0.0560047217906421,3.359375,3.5546875
same-4,bounded,cold,origin_cpu_s_per_1000_successful,10,10,3.41796875,3.3984375,0.0560047217906421,3.359375,3.5546875
same-4,bounded,cold,origin_compute_cpu_s_per_1000_attempted,10,10,2.87206859375,2.8630697265625,0.03731254202015395,2.85389921875,2.977313671875
same-4,bounded,cold,origin_work_amplification,10,10,64.0,64.0,0.0,64.0,64.0
same-4,bounded,cold,completed_http_per_second,10,10,55.0517722416427,55.21707896734346,0.4652981555249839,54.110891718829436,55.543337829284475
same-4,bounded,cold,successful_200_per_second,10,10,55.0517722416427,55.21707896734346,0.4652981555249839,54.110891718829436,55.543337829284475
same-4,bounded,cold,gateway_cpu_s,10,10,1.174,1.18,0.02170509412813296,1.13,1.2
same-4,bounded,cold,driver_cpu_s,10,10,0.1136965,0.11463355,0.003420868537212281,0.1078537,0.1183099
same-4,bounded,cold,gateway_rss_sampled_peak_bytes,10,10,106804838.4,106424320.0,1145792.4189290912,105390080,109051904
same-4,bounded,cold,queue_sampled_peak,10,10,0.0,0.0,0.0,0.0,0.0
same-4,bounded,cold,artifact_hits,10,10,0.0,0.0,0.0,0.0,0.0
same-4,bounded,cold,single_flight_joins,10,10,192.0,192.0,0.0,192.0,192.0
same-4,bounded,cold,aggregate_gateway_rejections,10,10,0.0,0.0,0.0,0.0,0.0
same-4,bounded,cold,pool_rejections,10,10,0.0,0.0,0.0,0.0,0.0
same-4,bounded,cold,response_body_bytes,10,10,1048576,1048576.0,0.0,1048576,1048576
same-4,bounded,cold,bytes_stored,10,10,0.0,0.0,0.0,0.0,0.0
same-4,bounded,cold,scheduler_lag_p99_ms,10,0,,,,,
same-4,bounded,cold,latency_p50_ms,10,10,70.89768670000001,70.797747,0.4012082865265449,70.491029,71.866108
same-4,bounded,cold,latency_p95_ms,10,10,83.9180105,83.55610200000001,1.8937870888870207,81.972276,87.531532
same-4,bounded,cold,latency_p99_ms,10,10,96.3189622,90.550681,21.34564037778819,84.866309,156.75532
same-4,bounded,cold,http_200,10,10,256,256.0,0.0,256,256
same-4,bounded,cold,http_200_latency_p50_ms,10,10,70.89768670000001,70.797747,0.4012082865265449,70.491029,71.866108
same-4,bounded,cold,http_200_latency_p95_ms,10,10,83.9180105,83.55610200000001,1.8937870888870207,81.972276,87.531532
same-4,bounded,cold,http_200_latency_p99_ms,10,10,96.3189622,90.550681,21.34564037778819,84.866309,156.75532
same-4,direct,cold,offered,10,10,256,256.0,0.0,256,256
same-4,direct,cold,attempted,10,10,256,256.0,0.0,256,256
same-4,direct,cold,completed_http,10,10,256,256.0,0.0,256,256
same-4,direct,cold,request_errors,10,10,0,0.0,0.0,0,0
same-4,direct,cold,client_drops,10,10,0,0.0,0.0,0,0
same-4,direct,cold,origin_executions,10,10,256,256.0,0.0,256,256
same-4,direct,cold,origin_peak,10,10,4,4.0,0.0,4,4
same-4,direct,cold,origin_cpu_s_per_1000_attempted,10,10,12.77734375,12.7734375,0.04676636717726034,12.734375,12.890625
same-4,direct,cold,origin_cpu_s_per_1000_successful,10,10,12.77734375,12.7734375,0.04676636717726034,12.734375,12.890625
same-4,direct,cold,origin_compute_cpu_s_per_1000_attempted,10,10,11.3941532421875,11.3906947265625,0.01668939536039977,11.37898984375,11.438350390625
same-4,direct,cold,origin_work_amplification,10,10,256.0,256.0,0.0,256.0,256.0
same-4,direct,cold,completed_http_per_second,10,10,78.2971948813648,78.3196629507607,0.30263237064100196,77.68664047102688,78.68818223207272
same-4,direct,cold,successful_200_per_second,10,10,78.2971948813648,78.3196629507607,0.30263237064100196,77.68664047102688,78.68818223207272
same-4,direct,cold,gateway_cpu_s,10,0,,,,,
same-4,direct,cold,driver_cpu_s,10,10,0.0951714,0.09504185,0.0025943770427599745,0.0901504,0.1000722
same-4,direct,cold,gateway_rss_sampled_peak_bytes,10,0,,,,,
same-4,direct,cold,queue_sampled_peak,10,0,,,,,
same-4,direct,cold,artifact_hits,10,0,,,,,
same-4,direct,cold,single_flight_joins,10,0,,,,,
same-4,direct,cold,aggregate_gateway_rejections,10,0,,,,,
same-4,direct,cold,pool_rejections,10,0,,,,,
same-4,direct,cold,response_body_bytes,10,10,1048576,1048576.0,0.0,1048576,1048576
same-4,direct,cold,bytes_stored,10,0,,,,,
same-4,direct,cold,scheduler_lag_p99_ms,10,0,,,,,
same-4,direct,cold,latency_p50_ms,10,10,48.6220353,48.6837015,0.8065007920267591,46.784538,49.902285
same-4,direct,cold,latency_p95_ms,10,10,89.6002254,89.584587,4.568230149672367,82.297692,95.299508
same-4,direct,cold,latency_p99_ms,10,10,121.248876,119.753463,14.360931874820146,93.843778,140.435959
same-4,direct,cold,http_200,10,10,256,256.0,0.0,256,256
same-4,direct,cold,http_200_latency_p50_ms,10,10,48.6220353,48.6837015,0.8065007920267591,46.784538,49.902285
same-4,direct,cold,http_200_latency_p95_ms,10,10,89.6002254,89.584587,4.568230149672367,82.297692,95.299508
same-4,direct,cold,http_200_latency_p99_ms,10,10,121.248876,119.753463,14.360931874820146,93.843778,140.435959
same-4,materialize,cold,offered,10,10,256,256.0,0.0,256,256
same-4,materialize,cold,attempted,10,10,256,256.0,0.0,256,256
same-4,materialize,cold,completed_http,10,10,256,256.0,0.0,256,256
same-4,materialize,cold,request_errors,10,10,0,0.0,0.0,0,0
same-4,materialize,cold,client_drops,10,10,0,0.0,0.0,0,0
same-4,materialize,cold,origin_executions,10,10,1,1.0,0.0,1,1
same-4,materialize,cold,origin_peak,10,10,1,1.0,0.0,1,1
same-4,materialize,cold,origin_cpu_s_per_1000_attempted,10,10,0.0625,0.078125,0.020171788261496962,0.0390625,0.078125
same-4,materialize,cold,origin_cpu_s_per_1000_successful,10,10,0.0625,0.078125,0.020171788261496962,0.0390625,0.078125
same-4,materialize,cold,origin_compute_cpu_s_per_1000_attempted,10,10,0.045347578125,0.045367578125,0.00016114014345697218,0.04499453125,0.0456484375
same-4,materialize,cold,origin_work_amplification,10,10,1.0,1.0,0.0,1.0,1.0
same-4,materialize,cold,completed_http_per_second,10,10,278.4887511478961,277.57317477093443,11.24029069156329,262.9522813520632,293.6131842559491
same-4,materialize,cold,successful_200_per_second,10,10,278.4887511478961,277.57317477093443,11.24029069156329,262.9522813520632,293.6131842559491
same-4,materialize,cold,gateway_cpu_s,10,10,0.908,0.905,0.0376533899905145,0.86,0.97
same-4,materialize,cold,driver_cpu_s,10,10,0.09199997,0.09184975000000001,0.003758028483142605,0.0871751,0.0997169
same-4,materialize,cold,gateway_rss_sampled_peak_bytes,10,10,111680307.2,110770176.0,3944111.283747478,106156032,117153792
same-4,materialize,cold,queue_sampled_peak,10,10,0.0,0.0,0.0,0.0,0.0
same-4,materialize,cold,artifact_hits,10,10,252.0,252.0,0.0,252.0,252.0
same-4,materialize,cold,single_flight_joins,10,10,3.0,3.0,0.0,3.0,3.0
same-4,materialize,cold,aggregate_gateway_rejections,10,10,0.0,0.0,0.0,0.0,0.0
same-4,materialize,cold,pool_rejections,10,10,0.0,0.0,0.0,0.0,0.0
same-4,materialize,cold,response_body_bytes,10,10,1048576,1048576.0,0.0,1048576,1048576
same-4,materialize,cold,bytes_stored,10,10,4096.0,4096.0,0.0,4096.0,4096.0
same-4,materialize,cold,scheduler_lag_p99_ms,10,0,,,,,
same-4,materialize,cold,latency_p50_ms,10,10,12.6648609,12.863822500000001,0.9349018218373342,11.50432,14.373254
same-4,materialize,cold,latency_p95_ms,10,10,28.1342512,28.044245500000002,1.185046641562901,26.368371,30.391419
same-4,materialize,cold,latency_p99_ms,10,10,36.1141363,36.072506000000004,1.1892931804329114,33.833699,37.898602
same-4,materialize,cold,http_200,10,10,256,256.0,0.0,256,256
same-4,materialize,cold,http_200_latency_p50_ms,10,10,12.6648609,12.863822500000001,0.9349018218373342,11.50432,14.373254
same-4,materialize,cold,http_200_latency_p95_ms,10,10,28.1342512,28.044245500000002,1.185046641562901,26.368371,30.391419
same-4,materialize,cold,http_200_latency_p99_ms,10,10,36.1141363,36.072506000000004,1.1892931804329114,33.833699,37.898602
same-64,bounded,cold,offered,10,10,256,256.0,0.0,256,256
same-64,bounded,cold,attempted,10,10,256,256.0,0.0,256,256
same-64,bounded,cold,completed_http,10,10,256,256.0,0.0,256,256
same-64,bounded,cold,request_errors,10,10,0,0.0,0.0,0,0
same-64,bounded,cold,client_drops,10,10,0,0.0,0.0,0,0
same-64,bounded,cold,origin_executions,10,10,10,10.0,1.247219128924647,9,13
same-64,bounded,cold,origin_peak,10,10,1,1.0,0.0,1,1
same-64,bounded,cold,origin_cpu_s_per_1000_attempted,10,10,0.515625,0.5078125,0.07768975984466822,0.4296875,0.703125
same-64,bounded,cold,origin_cpu_s_per_1000_successful,10,10,0.515625,0.5078125,0.07768975984466822,0.4296875,0.703125
same-64,bounded,cold,origin_compute_cpu_s_per_1000_attempted,10,10,0.448820859375,0.4473734375,0.05825420589492904,0.402188671875,0.58975
same-64,bounded,cold,origin_work_amplification,10,10,10.0,10.0,1.247219128924647,9.0,13.0
same-64,bounded,cold,completed_http_per_second,10,10,290.0868733013888,285.5308887987072,20.976862840908566,253.03424157506603,332.52201296050526
same-64,bounded,cold,successful_200_per_second,10,10,290.0868733013888,285.5308887987072,20.976862840908566,253.03424157506603,332.52201296050526
same-64,bounded,cold,gateway_cpu_s,10,10,0.771,0.765,0.04817791102892603,0.7,0.88
same-64,bounded,cold,driver_cpu_s,10,10,0.1059909,0.10418935,0.006935385054278608,0.0998736,0.1208084
same-64,bounded,cold,gateway_rss_sampled_peak_bytes,10,10,105284812.8,105019392.0,716382.606602676,104525824,106975232
same-64,bounded,cold,queue_sampled_peak,10,10,0.0,0.0,0.0,0.0,0.0
same-64,bounded,cold,artifact_hits,10,10,0.0,0.0,0.0,0.0,0.0
same-64,bounded,cold,single_flight_joins,10,10,246.0,246.0,1.247219128924647,243.0,247.0
same-64,bounded,cold,aggregate_gateway_rejections,10,10,0.0,0.0,0.0,0.0,0.0
same-64,bounded,cold,pool_rejections,10,10,0.0,0.0,0.0,0.0,0.0
same-64,bounded,cold,response_body_bytes,10,10,1048576,1048576.0,0.0,1048576,1048576
same-64,bounded,cold,bytes_stored,10,10,0.0,0.0,0.0,0.0,0.0
same-64,bounded,cold,scheduler_lag_p99_ms,10,0,,,,,
same-64,bounded,cold,latency_p50_ms,10,10,196.1650849,192.522124,11.324589975526724,182.773896,222.26982
same-64,bounded,cold,latency_p95_ms,10,10,325.6534056,332.1774405,39.13390730716155,271.424308,386.539953
same-64,bounded,cold,latency_p99_ms,10,10,346.00407210000003,356.067274,39.940115302864356,291.07675,407.995344
same-64,bounded,cold,http_200,10,10,256,256.0,0.0,256,256
same-64,bounded,cold,http_200_latency_p50_ms,10,10,196.1650849,192.522124,11.324589975526724,182.773896,222.26982
same-64,bounded,cold,http_200_latency_p95_ms,10,10,325.6534056,332.1774405,39.13390730716155,271.424308,386.539953
same-64,bounded,cold,http_200_latency_p99_ms,10,10,346.00407210000003,356.067274,39.940115302864356,291.07675,407.995344
same-64,direct,cold,offered,10,10,256,256.0,0.0,256,256
same-64,direct,cold,attempted,10,10,256,256.0,0.0,256,256
same-64,direct,cold,completed_http,10,10,256,256.0,0.0,256,256
same-64,direct,cold,request_errors,10,10,0,0.0,0.0,0,0
same-64,direct,cold,client_drops,10,10,0,0.0,0.0,0,0
same-64,direct,cold,origin_executions,10,10,256,256.0,0.0,256,256
same-64,direct,cold,origin_peak,10,10,39.1,41.5,5.743595467030115,27,45
same-64,direct,cold,origin_cpu_s_per_1000_attempted,10,10,12.71484375,12.6953125,0.04958185615796815,12.65625,12.8125
same-64,direct,cold,origin_cpu_s_per_1000_successful,10,10,12.71484375,12.6953125,0.04958185615796815,12.65625,12.8125
same-64,direct,cold,origin_compute_cpu_s_per_1000_attempted,10,10,11.41305609375,11.4105416015625,0.015455275498817655,11.392126953125,11.449704296875
same-64,direct,cold,origin_work_amplification,10,10,256.0,256.0,0.0,256.0,256.0
same-64,direct,cold,completed_http_per_second,10,10,78.63430424752212,78.64768035867637,0.2545947943715751,78.13134008833643,78.966163147153
same-64,direct,cold,successful_200_per_second,10,10,78.63430424752212,78.64768035867637,0.2545947943715751,78.13134008833643,78.966163147153
same-64,direct,cold,gateway_cpu_s,10,0,,,,,
same-64,direct,cold,driver_cpu_s,10,10,0.1008664,0.0995481,0.0045270529611805225,0.094661,0.1088728
same-64,direct,cold,gateway_rss_sampled_peak_bytes,10,0,,,,,
same-64,direct,cold,queue_sampled_peak,10,0,,,,,
same-64,direct,cold,artifact_hits,10,0,,,,,
same-64,direct,cold,single_flight_joins,10,0,,,,,
same-64,direct,cold,aggregate_gateway_rejections,10,0,,,,,
same-64,direct,cold,pool_rejections,10,0,,,,,
same-64,direct,cold,response_body_bytes,10,10,1048576,1048576.0,0.0,1048576,1048576
same-64,direct,cold,bytes_stored,10,0,,,,,
same-64,direct,cold,scheduler_lag_p99_ms,10,0,,,,,
same-64,direct,cold,latency_p50_ms,10,10,794.5830221,797.5298869999999,35.69384230290293,745.315722,843.516827
same-64,direct,cold,latency_p95_ms,10,10,1165.413062,1160.236215,67.50529440289685,1090.337524,1244.751586
same-64,direct,cold,latency_p99_ms,10,10,1317.8930111,1283.4761995,117.24418192180525,1204.218992,1545.131545
same-64,direct,cold,http_200,10,10,256,256.0,0.0,256,256
same-64,direct,cold,http_200_latency_p50_ms,10,10,794.5830221,797.5298869999999,35.69384230290293,745.315722,843.516827
same-64,direct,cold,http_200_latency_p95_ms,10,10,1165.413062,1160.236215,67.50529440289685,1090.337524,1244.751586
same-64,direct,cold,http_200_latency_p99_ms,10,10,1317.8930111,1283.4761995,117.24418192180525,1204.218992,1545.131545
same-64,materialize,cold,offered,10,10,256,256.0,0.0,256,256
same-64,materialize,cold,attempted,10,10,256,256.0,0.0,256,256
same-64,materialize,cold,completed_http,10,10,256,256.0,0.0,256,256
same-64,materialize,cold,request_errors,10,10,0,0.0,0.0,0,0
same-64,materialize,cold,client_drops,10,10,0,0.0,0.0,0,0
same-64,materialize,cold,origin_executions,10,10,1,1.0,0.0,1,1
same-64,materialize,cold,origin_peak,10,10,1,1.0,0.0,1,1
same-64,materialize,cold,origin_cpu_s_per_1000_attempted,10,10,0.0625,0.078125,0.020171788261496962,0.0390625,0.078125
same-64,materialize,cold,origin_cpu_s_per_1000_successful,10,10,0.0625,0.078125,0.020171788261496962,0.0390625,0.078125
same-64,materialize,cold,origin_compute_cpu_s_per_1000_attempted,10,10,0.0457136328125,0.045593554687499996,0.00027944943810566847,0.045469921875,0.0461953125
same-64,materialize,cold,origin_work_amplification,10,10,1.0,1.0,0.0,1.0,1.0
same-64,materialize,cold,completed_http_per_second,10,10,299.7301053064219,299.7621520255935,14.774390342544896,272.98049072945724,317.4881114499353
same-64,materialize,cold,successful_200_per_second,10,10,299.7301053064219,299.7621520255935,14.774390342544896,272.98049072945724,317.4881114499353
same-64,materialize,cold,gateway_cpu_s,10,10,0.754,0.75,0.029514591494904874,0.72,0.82
same-64,materialize,cold,driver_cpu_s,10,10,0.10149417,0.1013019,0.003155892267225442,0.0970225,0.1074857
same-64,materialize,cold,gateway_rss_sampled_peak_bytes,10,10,111190835.2,111396864.0,2990483.837082213,105529344,116596736
same-64,materialize,cold,queue_sampled_peak,10,10,0.0,0.0,0.0,0.0,0.0
same-64,materialize,cold,artifact_hits,10,10,249.2,250.5,4.541169697580374,241.0,253.0
same-64,materialize,cold,single_flight_joins,10,10,5.8,4.5,4.541169697580374,2.0,14.0
same-64,materialize,cold,aggregate_gateway_rejections,10,10,0.0,0.0,0.0,0.0,0.0
same-64,materialize,cold,pool_rejections,10,10,0.0,0.0,0.0,0.0,0.0
same-64,materialize,cold,response_body_bytes,10,10,1048576,1048576.0,0.0,1048576,1048576
same-64,materialize,cold,bytes_stored,10,10,4096.0,4096.0,0.0,4096.0,4096.0
same-64,materialize,cold,scheduler_lag_p99_ms,10,0,,,,,
same-64,materialize,cold,latency_p50_ms,10,10,177.88643000000002,176.3364185,6.009725197357551,169.235656,187.920298
same-64,materialize,cold,latency_p95_ms,10,10,359.6128173,348.97958100000005,40.68577021371241,308.557491,414.938892
same-64,materialize,cold,latency_p99_ms,10,10,385.1902708,389.0689315,40.555630355337065,333.876729,438.758573
same-64,materialize,cold,http_200,10,10,256,256.0,0.0,256,256
same-64,materialize,cold,http_200_latency_p50_ms,10,10,177.88643000000002,176.3364185,6.009725197357551,169.235656,187.920298
same-64,materialize,cold,http_200_latency_p95_ms,10,10,359.6128173,348.97958100000005,40.68577021371241,308.557491,414.938892
same-64,materialize,cold,http_200_latency_p99_ms,10,10,385.1902708,389.0689315,40.555630355337065,333.876729,438.758573
slow,bounded,cold,offered,10,10,64,64.0,0.0,64,64
slow,bounded,cold,attempted,10,10,64,64.0,0.0,64,64
slow,bounded,cold,completed_http,10,10,64,64.0,0.0,64,64
slow,bounded,cold,request_errors,10,10,0,0.0,0.0,0,0
slow,bounded,cold,client_drops,10,10,0,0.0,0.0,0,0
slow,bounded,cold,origin_executions,10,10,11.3,11.0,0.48304589153964794,11,12
slow,bounded,cold,origin_peak,10,10,2,2.0,0.0,2,2
slow,bounded,cold,origin_cpu_s_per_1000_attempted,10,10,20.140625,19.6875,0.8412707918018365,19.53125,21.40625
slow,bounded,cold,origin_cpu_s_per_1000_successful,10,10,114.07575757575758,114.16666666666667,0.47485492014315833,113.33333333333333,114.54545454545455
slow,bounded,cold,origin_compute_cpu_s_per_1000_attempted,10,10,19.80574671875,19.30899140625,0.8486018409387815,19.2339921875,21.07595625
slow,bounded,cold,origin_work_amplification,10,10,0.1765625,0.171875,0.007547592055306999,0.171875,0.1875
slow,bounded,cold,completed_http_per_second,10,10,43.017103090929844,44.178462176555456,2.480840230807432,39.3670543352105,45.2383337541806
slow,bounded,cold,successful_200_per_second,10,10,7.578639650779183,7.59317318659547,0.14418820984911493,7.381322687851968,7.775338613999791
slow,bounded,cold,gateway_cpu_s,10,10,0.365,0.37,0.012692955176439846,0.34,0.38
slow,bounded,cold,driver_cpu_s,10,10,0.0338277,0.03371255,0.0008496532508421696,0.0328356,0.0354005
slow,bounded,cold,gateway_rss_sampled_peak_bytes,10,10,94750310.4,94269440.0,1969824.6531715682,92647424,99184640
slow,bounded,cold,queue_sampled_peak,10,10,8.0,8.0,0.0,8.0,8.0
slow,bounded,cold,artifact_hits,10,10,0.0,0.0,0.0,0.0,0.0
slow,bounded,cold,single_flight_joins,10,10,0.0,0.0,0.0,0.0,0.0
slow,bounded,cold,aggregate_gateway_rejections,10,10,52.7,53.0,0.48304589153964794,52.0,53.0
slow,bounded,cold,pool_rejections,10,10,0.0,0.0,0.0,0.0,0.0
slow,bounded,cold,response_body_bytes,10,10,47760.4,46540.0,1965.0306867832878,46540,50608
slow,bounded,cold,bytes_stored,10,10,0.0,0.0,0.0,0.0,0.0
slow,bounded,cold,scheduler_lag_p99_ms,10,0,,,,,
slow,bounded,cold,latency_p50_ms,10,10,36.757922199999996,36.7987495,4.889719322755284,27.034927,42.531997
slow,bounded,cold,latency_p95_ms,10,10,1175.1290971,1150.5535220000002,124.67627267712201,1027.428028,1344.32185
slow,bounded,cold,latency_p99_ms,10,10,1377.1709178,1391.1111985,65.44271209043261,1272.270874,1459.904208
slow,bounded,cold,http_200,10,10,11.3,11.0,0.48304589153964794,11,12
slow,bounded,cold,http_200_latency_p50_ms,10,10,831.090702,806.0445755000001,47.76530773941561,779.348665,912.113909
slow,bounded,cold,http_200_latency_p95_ms,10,10,1377.1709178,1391.1111985,65.44271209043261,1272.270874,1459.904208
slow,bounded,cold,http_200_latency_p99_ms,10,10,1377.1709178,1391.1111985,65.44271209043261,1272.270874,1459.904208
slow,bounded,cold,http_503,10,10,52.7,53.0,0.48304589153964794,52,53
slow,bounded,cold,http_503_latency_p50_ms,10,10,28.712408,29.991315,4.008853578897255,21.440083,33.649178
slow,bounded,cold,http_503_latency_p95_ms,10,10,89.9284961,84.21666350000001,20.255146297161026,66.820406,122.645899
slow,bounded,cold,http_503_latency_p99_ms,10,10,101.479471,101.2062645,18.11202607636246,78.79341,130.737274
slow,direct,cold,offered,10,10,64,64.0,0.0,64,64
slow,direct,cold,attempted,10,10,64,64.0,0.0,64,64
slow,direct,cold,completed_http,10,10,64,64.0,0.0,64,64
slow,direct,cold,request_errors,10,10,0,0.0,0.0,0,0
slow,direct,cold,client_drops,10,10,0,0.0,0.0,0,0
slow,direct,cold,origin_executions,10,10,64,64.0,0.0,64,64
slow,direct,cold,origin_peak,10,10,16,16.0,0.0,16,16
slow,direct,cold,origin_cpu_s_per_1000_attempted,10,10,114.234375,114.21875,0.36421111952181434,113.4375,114.84375
slow,direct,cold,origin_cpu_s_per_1000_successful,10,10,114.234375,114.21875,0.36421111952181434,113.4375,114.84375
slow,direct,cold,origin_compute_cpu_s_per_1000_attempted,10,10,111.82128390625,111.840728125,0.28558624480461064,111.18840625,112.30195625
slow,direct,cold,origin_work_amplification,10,10,1.0,1.0,0.0,1.0,1.0
slow,direct,cold,completed_http_per_second,10,10,8.758139698762122,8.75766446802446,0.026282513661641718,8.71638383943681,8.81509240620676
slow,direct,cold,successful_200_per_second,10,10,8.758139698762122,8.75766446802446,0.026282513661641718,8.71638383943681,8.81509240620676
slow,direct,cold,gateway_cpu_s,10,0,,,,,
slow,direct,cold,driver_cpu_s,10,10,0.04790467,0.04812985,0.0010889030199139767,0.0456649,0.0492401
slow,direct,cold,gateway_rss_sampled_peak_bytes,10,0,,,,,
slow,direct,cold,queue_sampled_peak,10,0,,,,,
slow,direct,cold,artifact_hits,10,0,,,,,
slow,direct,cold,single_flight_joins,10,0,,,,,
slow,direct,cold,aggregate_gateway_rejections,10,0,,,,,
slow,direct,cold,pool_rejections,10,0,,,,,
slow,direct,cold,response_body_bytes,10,10,262144,262144.0,0.0,262144,262144
slow,direct,cold,bytes_stored,10,0,,,,,
slow,direct,cold,scheduler_lag_p99_ms,10,0,,,,,
slow,direct,cold,latency_p50_ms,10,10,1797.2682559,1803.494273,19.522139616642942,1753.93623,1818.312002
slow,direct,cold,latency_p95_ms,10,10,2150.5427135,2127.7136140000002,67.1165149512882,2062.811714,2259.039351
slow,direct,cold,latency_p99_ms,10,10,2293.1663931000003,2291.0255635000003,31.36761523578982,2231.323026,2333.20305
slow,direct,cold,http_200,10,10,64,64.0,0.0,64,64
slow,direct,cold,http_200_latency_p50_ms,10,10,1797.2682559,1803.494273,19.522139616642942,1753.93623,1818.312002
slow,direct,cold,http_200_latency_p95_ms,10,10,2150.5427135,2127.7136140000002,67.1165149512882,2062.811714,2259.039351
slow,direct,cold,http_200_latency_p99_ms,10,10,2293.1663931000003,2291.0255635000003,31.36761523578982,2231.323026,2333.20305
slow,materialize,cold,offered,10,10,64,64.0,0.0,64,64
slow,materialize,cold,attempted,10,10,64,64.0,0.0,64,64
slow,materialize,cold,completed_http,10,10,64,64.0,0.0,64,64
slow,materialize,cold,request_errors,10,10,0,0.0,0.0,0,0
slow,materialize,cold,client_drops,10,10,0,0.0,0.0,0,0
slow,materialize,cold,origin_executions,10,10,11.6,12.0,0.5163977794943223,11,12
slow,materialize,cold,origin_peak,10,10,2,2.0,0.0,2,2
slow,materialize,cold,origin_cpu_s_per_1000_attempted,10,10,20.75,21.40625,0.8832694552375031,19.6875,21.5625
slow,materialize,cold,origin_cpu_s_per_1000_successful,10,10,114.49242424242425,114.35606060606061,0.43745945925535623,114.16666666666667,115.45454545454545
slow,materialize,cold,origin_compute_cpu_s_per_1000_attempted,10,10,20.363505781249998,21.030171875,0.8842842671138796,19.25795,21.0879390625
slow,materialize,cold,origin_work_amplification,10,10,0.18125,0.1875,0.008068715304598786,0.171875,0.1875
slow,materialize,cold,completed_http_per_second,10,10,40.546327181038876,38.60051026262616,3.4121327885394654,37.34377975157781,44.939193286640645
slow,materialize,cold,successful_200_per_second,10,10,7.32462050132153,7.237595674242405,0.291855769268067,7.00195870342084,7.723923846141361
slow,materialize,cold,gateway_cpu_s,10,10,0.416,0.42,0.015055453054181609,0.39,0.43
slow,materialize,cold,driver_cpu_s,10,10,0.03517667,0.0355399,0.0014401958107995048,0.0321993,0.0374148
slow,materialize,cold,gateway_rss_sampled_peak_bytes,10,10,105031680,104925184.0,1557714.5980784371,102731776,108261376
slow,materialize,cold,queue_sampled_peak,10,10,8.0,8.0,0.0,8.0,8.0
slow,materialize,cold,artifact_hits,10,10,0.0,0.0,0.0,0.0,0.0
slow,materialize,cold,single_flight_joins,10,10,0.0,0.0,0.0,0.0,0.0
slow,materialize,cold,aggregate_gateway_rejections,10,10,52.4,52.0,0.5163977794943223,52.0,53.0
slow,materialize,cold,pool_rejections,10,10,0.0,0.0,0.0,0.0,0.0
slow,materialize,cold,response_body_bytes,10,10,48980.8,50608.0,2100.706166982903,46540,50608
slow,materialize,cold,bytes_stored,10,10,47513.6,49152.0,2115.165304808744,45056.0,49152.0
slow,materialize,cold,scheduler_lag_p99_ms,10,0,,,,,
slow,materialize,cold,latency_p50_ms,10,10,37.0196181,37.3345085,5.960563716482572,27.790043,45.546774
slow,materialize,cold,latency_p95_ms,10,10,1293.2778045,1364.4056114999998,131.21128970660118,1126.249738,1427.966142
slow,materialize,cold,latency_p99_ms,10,10,1447.6144678,1461.347511,36.26662998221085,1386.991218,1487.00391
slow,materialize,cold,http_200,10,10,11.6,12.0,0.5163977794943223,11,12
slow,materialize,cold,http_200_latency_p50_ms,10,10,842.7022919999999,837.1746880000001,33.79799953330645,797.571304,888.597105
slow,materialize,cold,http_200_latency_p95_ms,10,10,1447.6144678,1461.347511,36.26662998221085,1386.991218,1487.00391
slow,materialize,cold,http_200_latency_p99_ms,10,10,1447.6144678,1461.347511,36.26662998221085,1386.991218,1487.00391
slow,materialize,cold,http_503,10,10,52.4,52.0,0.5163977794943223,52,53
slow,materialize,cold,http_503_latency_p50_ms,10,10,28.35983,28.3924905,3.6877884915039387,23.628556,33.776696
slow,materialize,cold,http_503_latency_p95_ms,10,10,94.885064,94.739679,11.146745910288477,75.64965,113.413594
slow,materialize,cold,http_503_latency_p99_ms,10,10,105.1101883,107.848631,13.282041801880515,77.089306,123.275778
unique-0-100,bounded,cold,offered,10,10,256,256.0,0.0,256,256
unique-0-100,bounded,cold,attempted,10,10,256,256.0,0.0,256,256
unique-0-100,bounded,cold,completed_http,10,10,256,256.0,0.0,256,256
unique-0-100,bounded,cold,request_errors,10,10,0,0.0,0.0,0,0
unique-0-100,bounded,cold,client_drops,10,10,0,0.0,0.0,0,0
unique-0-100,bounded,cold,origin_executions,10,10,69.2,69.0,4.077035960378842,64,74
unique-0-100,bounded,cold,origin_peak,10,10,1.8,2.0,0.4216370213557839,1,2
unique-0-100,bounded,cold,origin_cpu_s_per_1000_attempted,10,10,3.58203125,3.59375,0.21557246995000828,3.28125,3.828125
unique-0-100,bounded,cold,origin_cpu_s_per_1000_successful,10,10,13.250685805309093,13.265457238059978,0.07761700345247376,13.125,13.333333333333334
unique-0-100,bounded,cold,origin_compute_cpu_s_per_1000_attempted,10,10,3.0635541796875,3.0588935546875,0.18072997604323615,2.83302265625,3.281551171875
unique-0-100,bounded,cold,origin_work_amplification,10,10,0.2703125,0.26953125,0.01592592172022985,0.25,0.2890625
unique-0-100,bounded,cold,completed_http_per_second,10,10,98.30814597359041,98.16555030751523,0.4171812782590861,97.72879740756774,98.97900913450945
unique-0-100,bounded,cold,successful_200_per_second,10,10,26.57030938633372,26.50212503168457,1.500590203747532,24.653311070011824,28.272293677334964
unique-0-100,bounded,cold,gateway_cpu_s,10,10,1.417,1.41,0.029832867780352584,1.37,1.47
unique-0-100,bounded,cold,driver_cpu_s,10,10,0.13575445,0.13558484999999998,0.002605853061112833,0.1325874,0.1409853
unique-0-100,bounded,cold,gateway_rss_sampled_peak_bytes,10,10,109722009.6,109801472.0,1798503.3878261237,107053056,112947200
unique-0-100,bounded,cold,queue_sampled_peak,10,10,0.0,0.0,0.0,0.0,0.0
unique-0-100,bounded,cold,artifact_hits,10,10,0.0,0.0,0.0,0.0,0.0
unique-0-100,bounded,cold,single_flight_joins,10,10,0.0,0.0,0.0,0.0,0.0
unique-0-100,bounded,cold,aggregate_gateway_rejections,10,10,186.8,187.0,4.077035960378842,182.0,192.0
unique-0-100,bounded,cold,pool_rejections,10,10,0.0,0.0,0.0,0.0,0.0
unique-0-100,bounded,cold,response_body_bytes,10,10,288673.6,287860.0,16585.38228682113,267520,308200
unique-0-100,bounded,cold,bytes_stored,10,10,0.0,0.0,0.0,0.0,0.0
unique-0-100,bounded,cold,scheduler_lag_p99_ms,10,10,0.6689148,0.6555709999999999,0.19819802726442842,0.310025,0.927848
unique-0-100,bounded,cold,latency_p50_ms,10,10,2.7804685,2.732643,0.1365946975644451,2.606947,3.016259
unique-0-100,bounded,cold,latency_p95_ms,10,10,77.7971186,77.7896955,3.2092305531264453,71.585601,84.544696
unique-0-100,bounded,cold,latency_p99_ms,10,10,83.3234138,82.931086,5.735787186969599,76.936005,93.708772
unique-0-100,bounded,cold,http_200,10,10,69.2,69.0,4.077035960378842,64,74
unique-0-100,bounded,cold,http_200_latency_p50_ms,10,10,69.7269139,68.310337,3.734603589415241,66.315064,77.523865
unique-0-100,bounded,cold,http_200_latency_p95_ms,10,10,82.9845759,82.40926300000001,5.765899230533882,76.915696,93.412404
unique-0-100,bounded,cold,http_200_latency_p99_ms,10,10,88.5218803,87.4567405,7.116280625091077,78.978521,102.337689
unique-0-100,bounded,cold,http_503,10,10,186.8,187.0,4.077035960378842,182,192
unique-0-100,bounded,cold,http_503_latency_p50_ms,10,10,2.4530715,2.429496,0.1099194405030338,2.291942,2.65936
unique-0-100,bounded,cold,http_503_latency_p95_ms,10,10,4.8946461,4.766700999999999,0.9807736532952444,3.527647,6.643098
unique-0-100,bounded,cold,http_503_latency_p99_ms,10,10,15.6389288,16.276219,2.036002533031976,12.087715,18.341307
unique-0-100,direct,cold,offered,10,10,256,256.0,0.0,256,256
unique-0-100,direct,cold,attempted,10,10,241.3,241.5,4.715223571935199,230,246
unique-0-100,direct,cold,completed_http,10,10,241.3,241.5,4.715223571935199,230,246
unique-0-100,direct,cold,request_errors,10,10,0,0.0,0.0,0,0
unique-0-100,direct,cold,client_drops,10,10,14.7,14.5,4.715223571935199,10,26
unique-0-100,direct,cold,origin_executions,10,10,241.3,241.5,4.715223571935199,230,246
unique-0-100,direct,cold,origin_peak,10,10,37.4,38.5,3.5652645218989165,30,41
unique-0-100,direct,cold,origin_cpu_s_per_1000_attempted,10,10,12.611868345615937,12.607775341541576,0.08970480810353428,12.510460251046025,12.826086956521738
unique-0-100,direct,cold,origin_cpu_s_per_1000_successful,10,10,12.611868345615937,12.607775341541576,0.08970480810353428,12.510460251046025,12.826086956521738
unique-0-100,direct,cold,origin_compute_cpu_s_per_1000_attempted,10,10,11.305400664391945,11.300236674570243,0.020458684568649608,11.28294,11.357566086956522
unique-0-100,direct,cold,origin_work_amplification,10,10,1.0,1.0,0.0,1.0,1.0
unique-0-100,direct,cold,completed_http_per_second,10,10,79.37706787168196,79.49099850495868,0.550398200172735,78.08691027143786,79.98996882694274
unique-0-100,direct,cold,successful_200_per_second,10,10,79.37706787168196,79.49099850495868,0.550398200172735,78.08691027143786,79.98996882694274
unique-0-100,direct,cold,gateway_cpu_s,10,0,,,,,
unique-0-100,direct,cold,driver_cpu_s,10,10,0.124956,0.12438455000000001,0.004945027316630538,0.1168262,0.1337853
unique-0-100,direct,cold,gateway_rss_sampled_peak_bytes,10,0,,,,,
unique-0-100,direct,cold,queue_sampled_peak,10,0,,,,,
unique-0-100,direct,cold,artifact_hits,10,0,,,,,
unique-0-100,direct,cold,single_flight_joins,10,0,,,,,
unique-0-100,direct,cold,aggregate_gateway_rejections,10,0,,,,,
unique-0-100,direct,cold,pool_rejections,10,0,,,,,
unique-0-100,direct,cold,response_body_bytes,10,10,988364.8,989184.0,19313.555750646574,942080,1007616
unique-0-100,direct,cold,bytes_stored,10,0,,,,,
unique-0-100,direct,cold,scheduler_lag_p99_ms,10,10,1.0281432,1.1225235,0.2712031174828195,0.523613,1.296234
unique-0-100,direct,cold,latency_p50_ms,10,10,495.7649928,491.2435285,17.452070501159543,478.426906,533.764276
unique-0-100,direct,cold,latency_p95_ms,10,10,866.4685286,860.0247830000001,32.46696020940159,822.948625,919.445703
unique-0-100,direct,cold,latency_p99_ms,10,10,1037.7026415,1031.429684,97.50448312889993,896.703777,1201.709547
unique-0-100,direct,cold,http_200,10,10,241.3,241.5,4.715223571935199,230,246
unique-0-100,direct,cold,http_200_latency_p50_ms,10,10,495.7649928,491.2435285,17.452070501159543,478.426906,533.764276
unique-0-100,direct,cold,http_200_latency_p95_ms,10,10,866.4685286,860.0247830000001,32.46696020940159,822.948625,919.445703
unique-0-100,direct,cold,http_200_latency_p99_ms,10,10,1037.7026415,1031.429684,97.50448312889993,896.703777,1201.709547
unique-0-100,materialize,cold,offered,10,10,256,256.0,0.0,256,256
unique-0-100,materialize,cold,attempted,10,10,256,256.0,0.0,256,256
unique-0-100,materialize,cold,completed_http,10,10,256,256.0,0.0,256,256
unique-0-100,materialize,cold,request_errors,10,10,0,0.0,0.0,0,0
unique-0-100,materialize,cold,client_drops,10,10,0,0.0,0.0,0,0
unique-0-100,materialize,cold,origin_executions,10,10,69.6,70.0,3.687817782917155,64,74
unique-0-100,materialize,cold,origin_peak,10,10,1.5,1.5,0.5270462766947299,1,2
unique-0-100,materialize,cold,origin_cpu_s_per_1000_attempted,10,10,3.64453125,3.671875,0.1841884207787187,3.3203125,3.8671875
unique-0-100,materialize,cold,origin_cpu_s_per_1000_successful,10,10,13.407127311272491,13.405607099636951,0.12460110358699775,13.243243243243244,13.636363636363637
unique-0-100,materialize,cold,origin_compute_cpu_s_per_1000_attempted,10,10,3.089357890625,3.104184375,0.15836573044022903,2.8421625,3.27867578125
unique-0-100,materialize,cold,origin_work_amplification,10,10,0.271875,0.2734375,0.014405538214520137,0.25,0.2890625
unique-0-100,materialize,cold,completed_http_per_second,10,10,97.99782256293597,97.9830939060422,0.41238912063181254,97.46511280260748,98.4833858643457
unique-0-100,materialize,cold,successful_200_per_second,10,10,26.640536317130312,26.774763741729057,1.3605454211769368,24.568564349550915,28.21858787021064
unique-0-100,materialize,cold,gateway_cpu_s,10,10,1.635,1.6150000000000002,0.06346477588219922,1.58,1.8
unique-0-100,materialize,cold,driver_cpu_s,10,10,0.14376624,0.14180195,0.009102461543414143,0.134785,0.1683173
unique-0-100,materialize,cold,gateway_rss_sampled_peak_bytes,10,10,116787200,117004288.0,1947003.8705863485,114520064,121401344
unique-0-100,materialize,cold,queue_sampled_peak,10,10,0.0,0.0,0.0,0.0,0.0
unique-0-100,materialize,cold,artifact_hits,10,10,0.0,0.0,0.0,0.0,0.0
unique-0-100,materialize,cold,single_flight_joins,10,10,0.0,0.0,0.0,0.0,0.0
unique-0-100,materialize,cold,aggregate_gateway_rejections,10,10,186.4,186.0,3.687817782917155,182.0,192.0
unique-0-100,materialize,cold,pool_rejections,10,10,0.0,0.0,0.0,0.0,0.0
unique-0-100,materialize,cold,response_body_bytes,10,10,290300.8,291928.0,15002.042740906987,267520,308200
unique-0-100,materialize,cold,bytes_stored,10,10,285081.6,286720.0,15105.301638828667,262144.0,303104.0
unique-0-100,materialize,cold,scheduler_lag_p99_ms,10,10,0.4187635,0.3040405,0.19281711599869852,0.280065,0.794262
unique-0-100,materialize,cold,latency_p50_ms,10,10,2.9302889,2.958116,0.24160795931262516,2.597866,3.42081
unique-0-100,materialize,cold,latency_p95_ms,10,10,85.5885561,84.315382,8.186061187306308,74.392531,101.862196
unique-0-100,materialize,cold,latency_p99_ms,10,10,96.0953299,97.5195555,10.714302778096831,82.845026,112.667173
unique-0-100,materialize,cold,http_200,10,10,69.6,70.0,3.687817782917155,64,74
unique-0-100,materialize,cold,http_200_latency_p50_ms,10,10,77.6129957,75.74309099999999,5.279576750974712,72.732492,86.434245
unique-0-100,materialize,cold,http_200_latency_p95_ms,10,10,93.5859284,94.54579100000001,9.561468897928442,82.557902,109.100819
unique-0-100,materialize,cold,http_200_latency_p99_ms,10,10,105.427825,105.384793,17.336043885924056,84.433203,141.83039
unique-0-100,materialize,cold,http_503,10,10,186.4,186.0,3.687817782917155,182,192
unique-0-100,materialize,cold,http_503_latency_p50_ms,10,10,2.6080131,2.615745,0.21252306210147845,2.286776,3.035768
unique-0-100,materialize,cold,http_503_latency_p95_ms,10,10,4.9936781,4.5695665000000005,1.1781407760641294,4.060081,7.977965
unique-0-100,materialize,cold,http_503_latency_p99_ms,10,10,18.0365564,15.185532,10.4032377922611,10.76167,47.084994
unique-0-1000,bounded,cold,offered,10,10,256,256.0,0.0,256,256
unique-0-1000,bounded,cold,attempted,10,10,83.9,84.5,7.1250730990402245,68,95
unique-0-1000,bounded,cold,completed_http,10,10,83.9,84.5,7.1250730990402245,68,95
unique-0-1000,bounded,cold,request_errors,10,10,0,0.0,0.0,0,0
unique-0-1000,bounded,cold,client_drops,10,10,172.1,171.5,7.1250730990402245,161,188
unique-0-1000,bounded,cold,origin_executions,10,10,7.8,8.0,1.1352924243950935,6,10
unique-0-1000,bounded,cold,origin_peak,10,10,1.8,2.0,0.4216370213557839,1,2
unique-0-1000,bounded,cold,origin_cpu_s_per_1000_attempted,10,10,1.255713474492329,1.2216795550128883,0.21811716295758027,0.975609756097561,1.6470588235294117
unique-0-1000,bounded,cold,origin_cpu_s_per_1000_successful,10,10,13.427777777777777,13.541666666666668,0.7216085537505005,12.5,14.444444444444445
unique-0-1000,bounded,cold,origin_compute_cpu_s_per_1000_attempted,10,10,1.0643936266182175,1.0906570628768302,0.1637503221533379,0.837781052631579,1.336729411764706
unique-0-1000,bounded,cold,origin_work_amplification,10,10,0.09344475914313892,0.09589434395635946,0.01452079786957777,0.07317073170731707,0.11764705882352941
unique-0-1000,bounded,cold,completed_http_per_second,10,10,210.65832623866194,214.4223399718676,27.84197152693813,151.97765867626396,253.46541788008344
unique-0-1000,bounded,cold,successful_200_per_second,10,10,19.458785215703607,19.065105015809948,2.577650558983696,15.644758981380113,22.97318794130218
unique-0-1000,bounded,cold,gateway_cpu_s,10,10,0.319,0.32,0.024244128727957573,0.26,0.35
unique-0-1000,bounded,cold,driver_cpu_s,10,10,0.04738018,0.04790145,0.00270866823069936,0.0414575,0.0512065
unique-0-1000,bounded,cold,gateway_rss_sampled_peak_bytes,10,10,95447040,94556160.0,1929864.0138381657,93880320,98918400
unique-0-1000,bounded,cold,queue_sampled_peak,10,10,0.0,0.0,0.0,0.0,0.0
unique-0-1000,bounded,cold,artifact_hits,10,10,0.0,0.0,0.0,0.0,0.0
unique-0-1000,bounded,cold,single_flight_joins,10,10,0.0,0.0,0.0,0.0,0.0
unique-0-1000,bounded,cold,aggregate_gateway_rejections,10,10,76.1,75.5,7.078135347674555,61.0,88.0
unique-0-1000,bounded,cold,pool_rejections,10,10,0.0,0.0,0.0,0.0,0.0
unique-0-1000,bounded,cold,response_body_bytes,10,10,34079.6,34812.0,4646.706819530006,26704,43060
unique-0-1000,bounded,cold,bytes_stored,10,10,0.0,0.0,0.0,0.0,0.0
unique-0-1000,bounded,cold,scheduler_lag_p99_ms,10,10,0.9192437,0.8797820000000001,0.13405797026746796,0.789798,1.203134
unique-0-1000,bounded,cold,latency_p50_ms,10,10,245.28314790000002,238.75644749999998,21.767907903034832,218.484712,292.931682
unique-0-1000,bounded,cold,latency_p95_ms,10,10,284.1735865,280.29605549999997,21.748356258715745,255.821837,316.478752
unique-0-1000,bounded,cold,latency_p99_ms,10,10,321.665848,322.04066850000004,19.316614607207043,295.201877,357.945346
unique-0-1000,bounded,cold,http_200,10,10,7.8,8.0,1.1352924243950935,6,10
unique-0-1000,bounded,cold,http_200_latency_p50_ms,10,10,236.1321322,232.185687,43.10785272823151,177.862681,316.478752
unique-0-1000,bounded,cold,http_200_latency_p95_ms,10,10,317.1890176,318.876729,22.369672499250825,278.747415,357.945346
unique-0-1000,bounded,cold,http_200_latency_p99_ms,10,10,317.1890176,318.876729,22.369672499250825,278.747415,357.945346
unique-0-1000,bounded,cold,http_503,10,10,76.1,75.5,7.078135347674555,61,88
unique-0-1000,bounded,cold,http_503_latency_p50_ms,10,10,245.45042610000002,238.82560999999998,21.643795937969315,219.246748,292.931682
unique-0-1000,bounded,cold,http_503_latency_p95_ms,10,10,274.3666417,267.3928625,19.56821712662546,252.015698,305.659245
unique-0-1000,bounded,cold,http_503_latency_p99_ms,10,10,298.2069891,304.4665065,22.548126613134926,261.095237,336.208279
unique-0-1000,direct,cold,offered,10,10,256,256.0,0.0,256,256
unique-0-1000,direct,cold,attempted,10,10,78.9,79.5,1.5951314818673865,76,81
unique-0-1000,direct,cold,completed_http,10,10,78.9,79.5,1.5951314818673865,76,81
unique-0-1000,direct,cold,request_errors,10,10,0,0.0,0.0,0,0
unique-0-1000,direct,cold,client_drops,10,10,177.1,176.5,1.5951314818673865,175,180
unique-0-1000,direct,cold,origin_executions,10,10,78.9,79.5,1.5951314818673865,76,81
unique-0-1000,direct,cold,origin_peak,10,10,14.5,14.5,2.0682789409984763,12,18
unique-0-1000,direct,cold,origin_cpu_s_per_1000_attempted,10,10,13.016507613959313,13.0,0.11668271905242092,12.820512820512821,13.25
unique-0-1000,direct,cold,origin_cpu_s_per_1000_successful,10,10,13.016507613959313,13.0,0.11668271905242092,12.820512820512821,13.25
unique-0-1000,direct,cold,origin_compute_cpu_s_per_1000_attempted,10,10,11.299498128292365,11.282522598182407,0.03493164141928458,11.25826282051282,11.354088749999999
unique-0-1000,direct,cold,origin_work_amplification,10,10,1.0,1.0,0.0,1.0,1.0
unique-0-1000,direct,cold,completed_http_per_second,10,10,76.74382861908195,76.82916845219316,0.4454634402991176,75.84120591279125,77.24907464596207
unique-0-1000,direct,cold,successful_200_per_second,10,10,76.74382861908195,76.82916845219316,0.4454634402991176,75.84120591279125,77.24907464596207
unique-0-1000,direct,cold,gateway_cpu_s,10,0,,,,,
unique-0-1000,direct,cold,driver_cpu_s,10,10,0.04334856,0.04334415,0.001144195753648241,0.0416885,0.0456903
unique-0-1000,direct,cold,gateway_rss_sampled_peak_bytes,10,0,,,,,
unique-0-1000,direct,cold,queue_sampled_peak,10,0,,,,,
unique-0-1000,direct,cold,artifact_hits,10,0,,,,,
unique-0-1000,direct,cold,single_flight_joins,10,0,,,,,
unique-0-1000,direct,cold,aggregate_gateway_rejections,10,0,,,,,
unique-0-1000,direct,cold,pool_rejections,10,0,,,,,
unique-0-1000,direct,cold,response_body_bytes,10,10,323174.4,325632.0,6533.658549728815,311296,331776
unique-0-1000,direct,cold,bytes_stored,10,0,,,,,
unique-0-1000,direct,cold,scheduler_lag_p99_ms,10,10,0.4598003,0.4012755,0.15539158464347774,0.302373,0.746616
unique-0-1000,direct,cold,latency_p50_ms,10,10,577.7079849,595.2346585,39.39081059331743,495.801415,620.085731
unique-0-1000,direct,cold,latency_p95_ms,10,10,909.1137329,917.4983669999999,31.516606999824116,836.841552,937.933062
unique-0-1000,direct,cold,latency_p99_ms,10,10,944.9751668,945.23756,29.334192759958345,898.592546,990.272751
unique-0-1000,direct,cold,http_200,10,10,78.9,79.5,1.5951314818673865,76,81
unique-0-1000,direct,cold,http_200_latency_p50_ms,10,10,577.7079849,595.2346585,39.39081059331743,495.801415,620.085731
unique-0-1000,direct,cold,http_200_latency_p95_ms,10,10,909.1137329,917.4983669999999,31.516606999824116,836.841552,937.933062
unique-0-1000,direct,cold,http_200_latency_p99_ms,10,10,944.9751668,945.23756,29.334192759958345,898.592546,990.272751
unique-0-1000,materialize,cold,offered,10,10,256,256.0,0.0,256,256
unique-0-1000,materialize,cold,attempted,10,10,80.3,80.0,5.1001089312985375,71,91
unique-0-1000,materialize,cold,completed_http,10,10,80.3,80.0,5.1001089312985375,71,91
unique-0-1000,materialize,cold,request_errors,10,10,0,0.0,0.0,0,0
unique-0-1000,materialize,cold,client_drops,10,10,175.7,176.0,5.1001089312985375,165,185
unique-0-1000,materialize,cold,origin_executions,10,10,7.5,7.0,1.5811388300841898,6,10
unique-0-1000,materialize,cold,origin_peak,10,10,1.4,1.0,0.5163977794943223,1,2
unique-0-1000,materialize,cold,origin_cpu_s_per_1000_attempted,10,10,1.2749589015577092,1.1043360433604337,0.3507195054168238,0.8791208791208791,1.971830985915493
unique-0-1000,materialize,cold,origin_cpu_s_per_1000_successful,10,10,13.471428571428572,13.333333333333334,0.6222748600993901,12.857142857142858,15.0
unique-0-1000,materialize,cold,origin_compute_cpu_s_per_1000_attempted,10,10,1.076280908449639,0.9766016410719662,0.285834865736341,0.7476835164835164,1.599661971830986
unique-0-1000,materialize,cold,origin_work_amplification,10,10,0.09461657814246319,0.08589280337247818,0.025208718313976194,0.06593406593406594,0.14084507042253522
unique-0-1000,materialize,cold,completed_http_per_second,10,10,188.66462267179477,189.8304472684874,19.738117366511496,156.98650092536025,219.61598383471903
unique-0-1000,materialize,cold,successful_200_per_second,10,10,17.493924604494353,16.564371719639865,3.2686774729977857,13.23679672766618,22.30836379325588
unique-0-1000,materialize,cold,gateway_cpu_s,10,10,0.348,0.35,0.01032795558988643,0.33,0.36
unique-0-1000,materialize,cold,driver_cpu_s,10,10,0.04705164,0.046722849999999996,0.0014958407841597163,0.044228,0.049659
unique-0-1000,materialize,cold,gateway_rss_sampled_peak_bytes,10,10,104177664,103829504.0,1372743.369191942,103075840,107991040
unique-0-1000,materialize,cold,queue_sampled_peak,10,10,0.0,0.0,0.0,0.0,0.0
unique-0-1000,materialize,cold,artifact_hits,10,10,0.0,0.0,0.0,0.0,0.0
unique-0-1000,materialize,cold,single_flight_joins,10,10,0.0,0.0,0.0,0.0,0.0
unique-0-1000,materialize,cold,aggregate_gateway_rejections,10,10,72.8,73.5,6.390965845976995,61.0,85.0
unique-0-1000,materialize,cold,pool_rejections,10,10,0.0,0.0,0.0,0.0,0.0
unique-0-1000,materialize,cold,response_body_bytes,10,10,32758.4,30758.0,6323.538306289534,26620,42668
unique-0-1000,materialize,cold,bytes_stored,10,10,30720.0,28672.0,6476.344648024841,24576.0,40960.0
unique-0-1000,materialize,cold,scheduler_lag_p99_ms,10,10,0.956288,0.9068404999999999,0.12398362601121526,0.824186,1.162967
unique-0-1000,materialize,cold,latency_p50_ms,10,10,254.4860595,249.7148605,24.28089052770429,217.640674,307.424975
unique-0-1000,materialize,cold,latency_p95_ms,10,10,297.7470254,294.0973715,25.89423665981259,269.79715,359.266969
unique-0-1000,materialize,cold,latency_p99_ms,10,10,346.7789057,342.477208,23.27659969221124,315.430463,383.105908
unique-0-1000,materialize,cold,http_200,10,10,7.5,7.0,1.5811388300841898,6,10
unique-0-1000,materialize,cold,http_200_latency_p50_ms,10,10,250.9066796,243.4236255,29.84482786815783,205.551958,300.452005
unique-0-1000,materialize,cold,http_200_latency_p95_ms,10,10,346.7789057,342.477208,23.27659969221124,315.430463,383.105908
unique-0-1000,materialize,cold,http_200_latency_p99_ms,10,10,346.7789057,342.477208,23.27659969221124,315.430463,383.105908
unique-0-1000,materialize,cold,http_503,10,10,72.8,73.5,6.390965845976995,61,85
unique-0-1000,materialize,cold,http_503_latency_p50_ms,10,10,254.4893275,249.311681,24.129299580231375,217.640674,307.627901
unique-0-1000,materialize,cold,http_503_latency_p95_ms,10,10,290.0435668,290.1494425,16.657583075284318,269.240143,327.50879
unique-0-1000,materialize,cold,http_503_latency_p99_ms,10,10,302.2552673,296.7075715,24.666291935696233,279.155532,363.767756
unique-8-100,bounded,cold,offered,10,10,256,256.0,0.0,256,256
unique-8-100,bounded,cold,attempted,10,10,256,256.0,0.0,256,256
unique-8-100,bounded,cold,completed_http,10,10,256,256.0,0.0,256,256
unique-8-100,bounded,cold,request_errors,10,10,0,0.0,0.0,0,0
unique-8-100,bounded,cold,client_drops,10,10,0,0.0,0.0,0,0
unique-8-100,bounded,cold,origin_executions,10,10,77.8,77.5,3.910100879630715,73,82
unique-8-100,bounded,cold,origin_peak,10,10,1.9,2.0,0.31622776601683794,1,2
unique-8-100,bounded,cold,origin_cpu_s_per_1000_attempted,10,10,4.0390625,4.0625,0.20188591086785734,3.7109375,4.2578125
unique-8-100,bounded,cold,origin_cpu_s_per_1000_successful,10,10,13.291715487505664,13.292682926829269,0.18904663690249182,13.013698630136986,13.636363636363637
unique-8-100,bounded,cold,origin_compute_cpu_s_per_1000_attempted,10,10,3.4570701171875,3.4561005859375,0.17411709016663407,3.240650390625,3.647994921875
unique-8-100,bounded,cold,origin_work_amplification,10,10,0.30390625,0.302734375,0.01527383156105748,0.28515625,0.3203125
unique-8-100,bounded,cold,completed_http_per_second,10,10,87.78421513001805,88.01717163735844,0.800510638853328,86.65623812324,89.0735672189298
unique-8-100,bounded,cold,successful_200_per_second,10,10,26.682036119549565,26.718110645087044,1.4426574276537238,24.76141005962106,28.53137699981345
unique-8-100,bounded,cold,gateway_cpu_s,10,10,1.4609999999999999,1.45,0.042544094772365336,1.43,1.57
unique-8-100,bounded,cold,driver_cpu_s,10,10,0.14809007,0.14626630000000002,0.005968599262445641,0.1420657,0.1627785
unique-8-100,bounded,cold,gateway_rss_sampled_peak_bytes,10,10,109325926.4,108457984.0,1875844.2315309185,107515904,112152576
unique-8-100,bounded,cold,queue_sampled_peak,10,10,8.0,8.0,0.0,8.0,8.0
unique-8-100,bounded,cold,artifact_hits,10,10,0.0,0.0,0.0,0.0,0.0
unique-8-100,bounded,cold,single_flight_joins,10,10,0.0,0.0,0.0,0.0,0.0
unique-8-100,bounded,cold,aggregate_gateway_rejections,10,10,178.2,178.5,3.910100879630715,174.0,183.0
unique-8-100,bounded,cold,pool_rejections,10,10,0.0,0.0,0.0,0.0,0.0
unique-8-100,bounded,cold,response_body_bytes,10,10,323658.4,322438.0,15906.290378337748,304132,340744
unique-8-100,bounded,cold,bytes_stored,10,10,0.0,0.0,0.0,0.0,0.0
unique-8-100,bounded,cold,scheduler_lag_p99_ms,10,10,0.8469223,0.9183399999999999,0.20057473632098669,0.476117,1.120656
unique-8-100,bounded,cold,latency_p50_ms,10,10,2.9332886,2.9081409999999996,0.15335724353518848,2.739484,3.270209
unique-8-100,bounded,cold,latency_p95_ms,10,10,385.2544895,380.5273185,26.460223428824442,353.384695,416.213343
unique-8-100,bounded,cold,latency_p99_ms,10,10,398.0173659,401.0858985,24.435876430260155,354.181951,424.433645
unique-8-100,bounded,cold,http_200,10,10,77.8,77.5,3.910100879630715,73,82
unique-8-100,bounded,cold,http_200_latency_p50_ms,10,10,369.8679103,369.7406095,22.96499836577079,343.600217,399.335805
unique-8-100,bounded,cold,http_200_latency_p95_ms,10,10,394.7693497,395.654864,26.207180210697743,354.060727,424.020942
unique-8-100,bounded,cold,http_200_latency_p99_ms,10,10,408.076076,410.606938,29.753633604095693,354.66977,461.953727
unique-8-100,bounded,cold,http_503,10,10,178.2,178.5,3.910100879630715,174,183
unique-8-100,bounded,cold,http_503_latency_p50_ms,10,10,2.5575632,2.5028065,0.15485679547734127,2.334294,2.844506
unique-8-100,bounded,cold,http_503_latency_p95_ms,10,10,4.8504142,4.930747500000001,0.3810183886827512,4.115003,5.518769
unique-8-100,bounded,cold,http_503_latency_p99_ms,10,10,15.0679955,14.2453325,4.722901646218049,8.245096,20.310567
unique-8-100,direct,cold,offered,10,10,256,256.0,0.0,256,256
unique-8-100,direct,cold,attempted,10,10,241.8,241.5,4.984420171338332,234,250
unique-8-100,direct,cold,completed_http,10,10,241.8,241.5,4.984420171338332,234,250
unique-8-100,direct,cold,request_errors,10,10,0,0.0,0.0,0,0
unique-8-100,direct,cold,client_drops,10,10,14.2,14.5,4.984420171338332,6,22
unique-8-100,direct,cold,origin_executions,10,10,241.8,241.5,4.984420171338332,234,250
unique-8-100,direct,cold,origin_peak,10,10,33,33.0,5.120763831912406,26,41
unique-8-100,direct,cold,origin_cpu_s_per_1000_attempted,10,10,12.597447415617925,12.604231811548885,0.05262914335230021,12.5,12.655601659751037
unique-8-100,direct,cold,origin_cpu_s_per_1000_successful,10,10,12.597447415617925,12.604231811548885,0.05262914335230021,12.5,12.655601659751037
unique-8-100,direct,cold,origin_compute_cpu_s_per_1000_attempted,10,10,11.28462782789728,11.284545099823141,0.01894493302810033,11.244222222222223,11.312234873949581
unique-8-100,direct,cold,origin_work_amplification,10,10,1.0,1.0,0.0,1.0,1.0
unique-8-100,direct,cold,completed_http_per_second,10,10,79.39283146265987,79.47383223383069,0.3022414232677375,78.9203825078097,79.69618903419712
unique-8-100,direct,cold,successful_200_per_second,10,10,79.39283146265987,79.47383223383069,0.3022414232677375,78.9203825078097,79.69618903419712
unique-8-100,direct,cold,gateway_cpu_s,10,0,,,,,
unique-8-100,direct,cold,driver_cpu_s,10,10,0.1239001,0.12477605,0.00480247440481351,0.1160664,0.1305278
unique-8-100,direct,cold,gateway_rss_sampled_peak_bytes,10,0,,,,,
unique-8-100,direct,cold,queue_sampled_peak,10,0,,,,,
unique-8-100,direct,cold,artifact_hits,10,0,,,,,
unique-8-100,direct,cold,single_flight_joins,10,0,,,,,
unique-8-100,direct,cold,aggregate_gateway_rejections,10,0,,,,,
unique-8-100,direct,cold,pool_rejections,10,0,,,,,
unique-8-100,direct,cold,response_body_bytes,10,10,990412.8,989184.0,20416.185021801808,958464,1024000
unique-8-100,direct,cold,bytes_stored,10,0,,,,,
unique-8-100,direct,cold,scheduler_lag_p99_ms,10,10,1.0484451,1.0523275,0.13474224172961582,0.905397,1.343831
unique-8-100,direct,cold,latency_p50_ms,10,10,483.8187046,483.4174905,18.487356184212793,451.313243,510.505468
unique-8-100,direct,cold,latency_p95_ms,10,10,862.9443066,848.036987,49.30238597606927,814.9265,947.892541
unique-8-100,direct,cold,latency_p99_ms,10,10,979.5997831,993.063883,63.98202908165809,888.660797,1049.353951
unique-8-100,direct,cold,http_200,10,10,241.8,241.5,4.984420171338332,234,250
unique-8-100,direct,cold,http_200_latency_p50_ms,10,10,483.8187046,483.4174905,18.487356184212793,451.313243,510.505468
unique-8-100,direct,cold,http_200_latency_p95_ms,10,10,862.9443066,848.036987,49.30238597606927,814.9265,947.892541
unique-8-100,direct,cold,http_200_latency_p99_ms,10,10,979.5997831,993.063883,63.98202908165809,888.660797,1049.353951
unique-8-100,materialize,cold,offered,10,10,256,256.0,0.0,256,256
unique-8-100,materialize,cold,attempted,10,10,256,256.0,0.0,256,256
unique-8-100,materialize,cold,completed_http,10,10,256,256.0,0.0,256,256
unique-8-100,materialize,cold,request_errors,10,10,0,0.0,0.0,0,0
unique-8-100,materialize,cold,client_drops,10,10,0,0.0,0.0,0,0
unique-8-100,materialize,cold,origin_executions,10,10,74.2,73.0,6.014796569941312,66,85
unique-8-100,materialize,cold,origin_peak,10,10,1.3,1.0,0.48304589153964794,1,2
unique-8-100,materialize,cold,origin_cpu_s_per_1000_attempted,10,10,3.890625,3.828125,0.2901046342007005,3.4765625,4.375
unique-8-100,materialize,cold,origin_cpu_s_per_1000_successful,10,10,13.429425478021603,13.424657534246576,0.11353846722614236,13.176470588235293,13.623188405797102
unique-8-100,materialize,cold,origin_compute_cpu_s_per_1000_attempted,10,10,3.2978471875,3.2470880859375,0.2687732745962669,2.932533203125,3.77871796875
unique-8-100,materialize,cold,origin_work_amplification,10,10,0.28984375,0.28515625,0.02349529910133325,0.2578125,0.33203125
unique-8-100,materialize,cold,completed_http_per_second,10,10,85.85525753660848,85.79373902896828,1.0724943124137034,84.22441752654724,88.00142029342274
unique-8-100,materialize,cold,successful_200_per_second,10,10,24.887129028823633,24.458139180077254,2.0865715775494484,22.68786616939805,28.84306887111948
unique-8-100,materialize,cold,gateway_cpu_s,10,10,1.661,1.66,0.04748099034818505,1.58,1.72
unique-8-100,materialize,cold,driver_cpu_s,10,10,0.1463743,0.1464083,0.0021234135013646718,0.1435622,0.1500087
unique-8-100,materialize,cold,gateway_rss_sampled_peak_bytes,10,10,118013132.8,117590016.0,2072886.9992401525,114561024,122179584
unique-8-100,materialize,cold,queue_sampled_peak,10,10,8.0,8.0,0.0,8.0,8.0
unique-8-100,materialize,cold,artifact_hits,10,10,0.0,0.0,0.0,0.0,0.0
unique-8-100,materialize,cold,single_flight_joins,10,10,0.0,0.0,0.0,0.0,0.0
unique-8-100,materialize,cold,aggregate_gateway_rejections,10,10,181.8,183.0,6.014796569941312,171.0,190.0
unique-8-100,materialize,cold,pool_rejections,10,10,0.0,0.0,0.0,0.0,0.0
unique-8-100,materialize,cold,response_body_bytes,10,10,309013.6,304132.0,24468.192446521258,275656,352948
unique-8-100,materialize,cold,bytes_stored,10,10,303923.2,299008.0,24636.606750479616,270336.0,348160.0
unique-8-100,materialize,cold,scheduler_lag_p99_ms,10,10,0.5773895,0.534689,0.11634628869242027,0.502632,0.881038
unique-8-100,materialize,cold,latency_p50_ms,10,10,3.6600652,3.5065355,0.852394145314348,2.613369,5.591626
unique-8-100,materialize,cold,latency_p95_ms,10,10,481.7140987,491.96284249999997,32.188764255971094,408.600056,512.935634
unique-8-100,materialize,cold,latency_p99_ms,10,10,499.2109456,511.503719,27.181169471195656,429.876843,517.186543
unique-8-100,materialize,cold,http_200,10,10,74.2,73.0,6.014796569941312,66,85
unique-8-100,materialize,cold,http_200_latency_p50_ms,10,10,411.5154234,411.77374499999996,48.61049877335683,346.822348,487.779084
unique-8-100,materialize,cold,http_200_latency_p95_ms,10,10,496.9947131,510.299522,28.557343993169408,425.629816,515.13322
unique-8-100,materialize,cold,http_200_latency_p99_ms,10,10,508.2924277,520.2403105000001,28.31994338563929,442.806919,532.003222
unique-8-100,materialize,cold,http_503,10,10,181.8,183.0,6.014796569941312,171,190
unique-8-100,materialize,cold,http_503_latency_p50_ms,10,10,2.6759527,2.633164,0.24732737219862624,2.276566,3.088994
unique-8-100,materialize,cold,http_503_latency_p95_ms,10,10,9.5702378,8.925052,2.2439521076465763,6.624394,14.109075
unique-8-100,materialize,cold,http_503_latency_p99_ms,10,10,20.5179519,19.992013,4.3210888667820875,14.30048,29.59784
unique-8-1000,bounded,cold,offered,10,10,256,256.0,0.0,256,256
unique-8-1000,bounded,cold,attempted,10,10,88.3,86.5,13.992458286122881,68,108
unique-8-1000,bounded,cold,completed_http,10,10,88.3,86.5,13.992458286122881,68,108
unique-8-1000,bounded,cold,request_errors,10,10,0,0.0,0.0,0,0
unique-8-1000,bounded,cold,client_drops,10,10,167.7,169.5,13.992458286122881,148,188
unique-8-1000,bounded,cold,origin_executions,10,10,17,17.0,0.9428090415820634,15,18
unique-8-1000,bounded,cold,origin_peak,10,10,1.9,2.0,0.31622776601683794,1,2
unique-8-1000,bounded,cold,origin_cpu_s_per_1000_attempted,10,10,2.6355090379890154,2.692028985507246,0.3327970512882615,2.037037037037037,3.088235294117647
unique-8-1000,bounded,cold,origin_cpu_s_per_1000_successful,10,10,13.459558823529411,13.333333333333334,0.5314800818683034,12.941176470588236,14.444444444444445
unique-8-1000,bounded,cold,origin_compute_cpu_s_per_1000_attempted,10,10,2.2348598382056317,2.252019347826087,0.30360779043891123,1.7878944444444445,2.670460294117647
unique-8-1000,bounded,cold,origin_work_amplification,10,10,0.196214881145979,0.19782608695652176,0.027377456314892183,0.1574074074074074,0.23529411764705882
unique-8-1000,bounded,cold,completed_http_per_second,10,10,123.21968167344066,121.22473838654585,16.943188513383678,102.43707657201301,147.81549029967005
unique-8-1000,bounded,cold,successful_200_per_second,10,10,23.773296622980595,24.09407652019153,0.8244461656491414,22.287156032923193,24.77212212290162
unique-8-1000,bounded,cold,gateway_cpu_s,10,10,0.392,0.4,0.05245103536738919,0.31,0.45
unique-8-1000,bounded,cold,driver_cpu_s,10,10,0.05132917,0.050857650000000004,0.0038751779916253886,0.045598,0.0564542
unique-8-1000,bounded,cold,gateway_rss_sampled_peak_bytes,10,10,97969766.4,97335296.0,2486693.1108136005,94687232,103337984
unique-8-1000,bounded,cold,queue_sampled_peak,10,10,7.6,8.0,0.699205898780101,6.0,8.0
unique-8-1000,bounded,cold,artifact_hits,10,10,0.0,0.0,0.0,0.0,0.0
unique-8-1000,bounded,cold,single_flight_joins,10,10,0.0,0.0,0.0,0.0,0.0
unique-8-1000,bounded,cold,aggregate_gateway_rejections,10,10,71.3,68.5,13.597793938724031,52.0,91.0
unique-8-1000,bounded,cold,pool_rejections,10,10,0.0,0.0,0.0,0.0,0.0
unique-8-1000,bounded,cold,response_body_bytes,10,10,71628.4,72026.0,4025.5338141529614,63120,75968
unique-8-1000,bounded,cold,bytes_stored,10,10,0.0,0.0,0.0,0.0,0.0
unique-8-1000,bounded,cold,scheduler_lag_p99_ms,10,10,0.9052598,0.8399185,0.17257812792330057,0.776421,1.315311
unique-8-1000,bounded,cold,latency_p50_ms,10,10,222.3303832,224.5569615,27.500763406967412,185.953193,269.126002
unique-8-1000,bounded,cold,latency_p95_ms,10,10,480.4873026,488.9260175,22.965059088057814,434.200907,502.142356
unique-8-1000,bounded,cold,latency_p99_ms,10,10,577.0324126,576.6933535000001,49.87725190991886,491.181981,645.028836
unique-8-1000,bounded,cold,http_200,10,10,17,17.0,0.9428090415820634,15,18
unique-8-1000,bounded,cold,http_200_latency_p50_ms,10,10,391.0270208,396.486879,25.839615112962655,333.500294,424.584814
unique-8-1000,bounded,cold,http_200_latency_p95_ms,10,10,593.7105798,598.863733,43.16965143998356,525.448013,645.028836
unique-8-1000,bounded,cold,http_200_latency_p99_ms,10,10,593.7105798,598.863733,43.16965143998356,525.448013,645.028836
unique-8-1000,bounded,cold,http_503,10,10,71.3,68.5,13.597793938724031,52,91
unique-8-1000,bounded,cold,http_503_latency_p50_ms,10,10,215.1008202,215.7395315,28.05122848134789,172.076226,266.149628
unique-8-1000,bounded,cold,http_503_latency_p95_ms,10,10,246.6981202,251.078728,23.384765377196413,206.639927,276.960214
unique-8-1000,bounded,cold,http_503_latency_p99_ms,10,10,274.7013561,264.08804,38.085790641154354,222.327756,343.397598
unique-8-1000,direct,cold,offered,10,10,256,256.0,0.0,256,256
unique-8-1000,direct,cold,attempted,10,10,78.3,78.5,1.1595018087284057,76,80
unique-8-1000,direct,cold,completed_http,10,10,78.3,78.5,1.1595018087284057,76,80
unique-8-1000,direct,cold,request_errors,10,10,0,0.0,0.0,0,0
unique-8-1000,direct,cold,client_drops,10,10,177.7,177.5,1.1595018087284057,176,180
unique-8-1000,direct,cold,origin_executions,10,10,78.3,78.5,1.1595018087284057,76,80
unique-8-1000,direct,cold,origin_peak,10,10,14.8,15.0,1.3165611772087666,12,16
unique-8-1000,direct,cold,origin_cpu_s_per_1000_attempted,10,10,13.11571959852273,13.077428900213711,0.19581134282320756,12.91139240506329,13.544303797468354
unique-8-1000,direct,cold,origin_cpu_s_per_1000_successful,10,10,13.11571959852273,13.077428900213711,0.19581134282320756,12.91139240506329,13.544303797468354
unique-8-1000,direct,cold,origin_compute_cpu_s_per_1000_attempted,10,10,11.312300109411215,11.29782911392405,0.06687543237443552,11.249887341772151,11.487467088607595
unique-8-1000,direct,cold,origin_work_amplification,10,10,1.0,1.0,0.0,1.0,1.0
unique-8-1000,direct,cold,completed_http_per_second,10,10,76.32596804443766,76.6465563983351,0.958078516644464,74.3278007510113,77.50947322008112
unique-8-1000,direct,cold,successful_200_per_second,10,10,76.32596804443766,76.6465563983351,0.958078516644464,74.3278007510113,77.50947322008112
unique-8-1000,direct,cold,gateway_cpu_s,10,0,,,,,
unique-8-1000,direct,cold,driver_cpu_s,10,10,0.04361669,0.0432999,0.0014553604047337096,0.0418537,0.0463027
unique-8-1000,direct,cold,gateway_rss_sampled_peak_bytes,10,0,,,,,
unique-8-1000,direct,cold,queue_sampled_peak,10,0,,,,,
unique-8-1000,direct,cold,artifact_hits,10,0,,,,,
unique-8-1000,direct,cold,single_flight_joins,10,0,,,,,
unique-8-1000,direct,cold,aggregate_gateway_rejections,10,0,,,,,
unique-8-1000,direct,cold,pool_rejections,10,0,,,,,
unique-8-1000,direct,cold,response_body_bytes,10,10,320716.8,321536.0,4749.31940855155,311296,327680
unique-8-1000,direct,cold,bytes_stored,10,0,,,,,
unique-8-1000,direct,cold,scheduler_lag_p99_ms,10,10,0.5086749,0.402833,0.2117424226640839,0.315139,0.85845
unique-8-1000,direct,cold,latency_p50_ms,10,10,564.0301417000001,575.2494895,41.19525455058552,488.702333,623.62708
unique-8-1000,direct,cold,latency_p95_ms,10,10,911.685251,916.179566,39.95037136669425,850.838727,955.519391
unique-8-1000,direct,cold,latency_p99_ms,10,10,943.7485747000001,945.2411744999999,27.117986059509708,905.276253,987.702678
unique-8-1000,direct,cold,http_200,10,10,78.3,78.5,1.1595018087284057,76,80
unique-8-1000,direct,cold,http_200_latency_p50_ms,10,10,564.0301417000001,575.2494895,41.19525455058552,488.702333,623.62708
unique-8-1000,direct,cold,http_200_latency_p95_ms,10,10,911.685251,916.179566,39.95037136669425,850.838727,955.519391
unique-8-1000,direct,cold,http_200_latency_p99_ms,10,10,943.7485747000001,945.2411744999999,27.117986059509708,905.276253,987.702678
unique-8-1000,materialize,cold,offered,10,10,256,256.0,0.0,256,256
unique-8-1000,materialize,cold,attempted,10,10,87,89.0,12.463279397226612,71,107
unique-8-1000,materialize,cold,completed_http,10,10,87,89.0,12.463279397226612,71,107
unique-8-1000,materialize,cold,request_errors,10,10,0,0.0,0.0,0,0
unique-8-1000,materialize,cold,client_drops,10,10,169,167.0,12.463279397226612,149,185
unique-8-1000,materialize,cold,origin_executions,10,10,15.3,15.5,0.8232726023485646,14,16
unique-8-1000,materialize,cold,origin_peak,10,10,1.2,1.0,0.4216370213557839,1,2
unique-8-1000,materialize,cold,origin_cpu_s_per_1000_attempted,10,10,2.448786454958614,2.4404761904761907,0.31915915741096645,2.0202020202020203,3.0985915492957745
unique-8-1000,materialize,cold,origin_cpu_s_per_1000_successful,10,10,13.714285714285715,13.660714285714285,0.38774329158128396,13.333333333333334,14.375
unique-8-1000,materialize,cold,origin_compute_cpu_s_per_1000_attempted,10,10,2.0398813831634777,2.0367405952380953,0.2649403639323615,1.7116121495327103,2.588050704225352
unique-8-1000,materialize,cold,origin_work_amplification,10,10,0.17859821397175168,0.17817460317460318,0.0231035938746845,0.14953271028037382,0.22535211267605634
unique-8-1000,materialize,cold,completed_http_per_second,10,10,125.29283374961538,124.43894695534546,14.191648516398763,101.72687109095962,144.50585550151294
unique-8-1000,materialize,cold,successful_200_per_second,10,10,22.19344422519333,21.706787432367044,2.3327166226886122,18.691838545276912,25.537818150457742
unique-8-1000,materialize,cold,gateway_cpu_s,10,10,0.462,0.475,0.059777364723893056,0.38,0.55
unique-8-1000,materialize,cold,driver_cpu_s,10,10,0.05205832,0.05168285,0.00447743011703018,0.0463523,0.0592866
unique-8-1000,materialize,cold,gateway_rss_sampled_peak_bytes,10,10,105850880,105074688.0,2130685.01816711,103804928,110518272
unique-8-1000,materialize,cold,queue_sampled_peak,10,10,8.0,8.0,0.0,8.0,8.0
unique-8-1000,materialize,cold,artifact_hits,10,10,0.0,0.0,0.0,0.0,0.0
unique-8-1000,materialize,cold,single_flight_joins,10,10,0.0,0.0,0.0,0.0,0.0
unique-8-1000,materialize,cold,aggregate_gateway_rejections,10,10,71.7,73.0,12.074306973441121,55.0,91.0
unique-8-1000,materialize,cold,pool_rejections,10,10,0.0,0.0,0.0,0.0,0.0
unique-8-1000,materialize,cold,response_body_bytes,10,10,64676.4,65434.0,3535.876543847838,58940,68084
unique-8-1000,materialize,cold,bytes_stored,10,10,62668.8,63488.0,3372.1245792197205,57344.0,65536.0
unique-8-1000,materialize,cold,scheduler_lag_p99_ms,10,10,0.8520192,0.861097,0.09111304834813116,0.736985,0.997745
unique-8-1000,materialize,cold,latency_p50_ms,10,10,223.1485941,218.404235,33.80481755019822,179.03178,273.571411
unique-8-1000,materialize,cold,latency_p95_ms,10,10,489.7299957,482.76464250000004,27.815473989251068,458.276526,554.898509
unique-8-1000,materialize,cold,latency_p99_ms,10,10,597.8994055000001,601.1817085,57.25103282044362,523.56309,704.500745
unique-8-1000,materialize,cold,http_200,10,10,15.3,15.5,0.8232726023485646,14,16
unique-8-1000,materialize,cold,http_200_latency_p50_ms,10,10,419.8874932,408.302855,37.802527269729666,376.298572,498.176866
unique-8-1000,materialize,cold,http_200_latency_p95_ms,10,10,597.9475449,601.1817085,57.18867114354017,523.56309,704.500745
unique-8-1000,materialize,cold,http_200_latency_p99_ms,10,10,597.9475449,601.1817085,57.18867114354017,523.56309,704.500745
unique-8-1000,materialize,cold,http_503,10,10,71.7,73.0,12.074306973441121,55,91
unique-8-1000,materialize,cold,http_503_latency_p50_ms,10,10,212.5885377,208.26281799999998,35.26856188972485,161.679058,262.452559
unique-8-1000,materialize,cold,http_503_latency_p95_ms,10,10,283.5924597,282.62283049999996,19.742621764620566,240.662474,307.756015
unique-8-1000,materialize,cold,http_503_latency_p99_ms,10,10,298.8036122,299.49031649999995,15.878981879405723,269.841583,323.210583
